{
	"start":	{
		"connected":	[{
				"socket":	5,
				"local_host":	"10.0.0.1",
				"local_port":	41500,
				"remote_host":	"10.0.0.3",
				"remote_port":	5201
			}],
		"version":	"iperf 3.16",
		"system_info":	"Linux vbox 6.8.0-90-generic #91-Ubuntu SMP PREEMPT_DYNAMIC Tue Nov 18 14:14:30 UTC 2025 x86_64",
		"timestamp":	{
			"time":	"Thu, 05 Feb 2026 21:47:11 GMT",
			"timesecs":	1770328031
		},
		"connecting_to":	{
			"host":	"10.0.0.3",
			"port":	5201
		},
		"cookie":	"b6q2hoo7f6rqssdixuhfm44xn3khwu7ty67k",
		"tcp_mss_default":	1448,
		"target_bitrate":	9000000,
		"fq_rate":	0,
		"sock_bufsize":	0,
		"sndbuf_actual":	16384,
		"rcvbuf_actual":	131072,
		"test_start":	{
			"protocol":	"TCP",
			"num_streams":	1,
			"blksize":	131072,
			"omit":	0,
			"duration":	30,
			"bytes":	0,
			"blocks":	0,
			"reverse":	0,
			"tos":	0,
			"target_bitrate":	9000000,
			"bidir":	0,
			"fqrate":	0
		}
	},
	"intervals":	[{
			"streams":	[{
					"socket":	5,
					"start":	0,
					"end":	1.00015,
					"seconds":	1.0001499652862549,
					"bytes":	1179648,
					"bits_per_second":	9435768.96220655,
					"retransmits":	0,
					"snd_cwnd":	273672,
					"snd_wnd":	2108416,
					"rtt":	203,
					"rttvar":	121,
					"pmtu":	1500,
					"omitted":	false,
					"sender":	true
				}],
			"sum":	{
				"start":	0,
				"end":	1.00015,
				"seconds":	1.0001499652862549,
				"bytes":	1179648,
				"bits_per_second":	9435768.96220655,
				"retransmits":	0,
				"omitted":	false,
				"sender":	true
			}
		}, {
			"streams":	[{
					"socket":	5,
					"start":	1.00015,
					"end":	2.0002,
					"seconds":	1.0000499486923218,
					"bytes":	1179648,
					"bits_per_second":	9436712.64854339,
					"retransmits":	0,
					"snd_cwnd":	273672,
					"snd_wnd":	4480256,
					"rtt":	207,
					"rttvar":	72,
					"pmtu":	1500,
					"omitted":	false,
					"sender":	true
				}],
			"sum":	{
				"start":	1.00015,
				"end":	2.0002,
				"seconds":	1.0000499486923218,
				"bytes":	1179648,
				"bits_per_second":	9436712.64854339,
				"retransmits":	0,
				"omitted":	false,
				"sender":	true
			}
		}, {
			"streams":	[{
					"socket":	5,
					"start":	2.0002,
					"end":	3.00014,
					"seconds":	0.99993997812271118,
					"bytes":	1048576,
					"bits_per_second":	8389111.53022283,
					"retransmits":	0,
					"snd_cwnd":	273672,
					"snd_wnd":	5495808,
					"rtt":	232,
					"rttvar":	87,
					"pmtu":	1500,
					"omitted":	false,
					"sender":	true
				}],
			"sum":	{
				"start":	2.0002,
				"end":	3.00014,
				"seconds":	0.99993997812271118,
				"bytes":	1048576,
				"bits_per_second":	8389111.53022283,
				"retransmits":	0,
				"omitted":	false,
				"sender":	true
			}
		}, {
			"streams":	[{
					"socket":	5,
					"start":	3.00014,
					"end":	4.000365,
					"seconds":	1.0002249479293823,
					"bytes":	1179648,
					"bits_per_second":	9435061.60242894,
					"retransmits":	0,
					"snd_cwnd":	273672,
					"snd_wnd":	5504512,
					"rtt":	306,
					"rttvar":	129,
					"pmtu":	1500,
					"omitted":	false,
					"sender":	true
				}],
			"sum":	{
				"start":	3.00014,
				"end":	4.000365,
				"seconds":	1.0002249479293823,
				"bytes":	1179648,
				"bits_per_second":	9435061.60242894,
				"retransmits":	0,
				"omitted":	false,
				"sender":	true
			}
		}, {
			"streams":	[{
					"socket":	5,
					"start":	4.000365,
					"end":	5.000151,
					"seconds":	0.99978601932525635,
					"bytes":	1048576,
					"bits_per_second":	8390403.3841775171,
					"retransmits":	0,
					"snd_cwnd":	273672,
					"snd_wnd":	5504512,
					"rtt":	310,
					"rttvar":	114,
					"pmtu":	1500,
					"omitted":	false,
					"sender":	true
				}],
			"sum":	{
				"start":	4.000365,
				"end":	5.000151,
				"seconds":	0.99978601932525635,
				"bytes":	1048576,
				"bits_per_second":	8390403.3841775171,
				"retransmits":	0,
				"omitted":	false,
				"sender":	true
			}
		}, {
			"streams":	[{
					"socket":	5,
					"start":	5.000151,
					"end":	6.000454,
					"seconds":	1.0003030300140381,
					"bytes":	1179648,
					"bits_per_second":	9434325.11632756,
					"retransmits":	0,
					"snd_cwnd":	273672,
					"snd_wnd":	5504512,
					"rtt":	308,
					"rttvar":	50,
					"pmtu":	1500,
					"omitted":	false,
					"sender":	true
				}],
			"sum":	{
				"start":	5.000151,
				"end":	6.000454,
				"seconds":	1.0003030300140381,
				"bytes":	1179648,
				"bits_per_second":	9434325.11632756,
				"retransmits":	0,
				"omitted":	false,
				"sender":	true
			}
		}, {
			"streams":	[{
					"socket":	5,
					"start":	6.000454,
					"end":	7.00016,
					"seconds":	0.999705970287323,
					"bytes":	1179648,
					"bits_per_second":	9439959.6286172848,
					"retransmits":	0,
					"snd_cwnd":	273672,
					"snd_wnd":	5507456,
					"rtt":	267,
					"rttvar":	92,
					"pmtu":	1500,
					"omitted":	false,
					"sender":	true
				}],
			"sum":	{
				"start":	6.000454,
				"end":	7.00016,
				"seconds":	0.999705970287323,
				"bytes":	1179648,
				"bits_per_second":	9439959.6286172848,
				"retransmits":	0,
				"omitted":	false,
				"sender":	true
			}
		}, {
			"streams":	[{
					"socket":	5,
					"start":	7.00016,
					"end":	8.00008,
					"seconds":	0.99992001056671143,
					"bytes":	1048576,
					"bits_per_second":	8389279.0536772031,
					"retransmits":	0,
					"snd_cwnd":	273672,
					"snd_wnd":	5516160,
					"rtt":	271,
					"rttvar":	75,
					"pmtu":	1500,
					"omitted":	false,
					"sender":	true
				}],
			"sum":	{
				"start":	7.00016,
				"end":	8.00008,
				"seconds":	0.99992001056671143,
				"bytes":	1048576,
				"bits_per_second":	8389279.0536772031,
				"retransmits":	0,
				"omitted":	false,
				"sender":	true
			}
		}, {
			"streams":	[{
					"socket":	5,
					"start":	8.00008,
					"end":	9.000499,
					"seconds":	1.000419020652771,
					"bytes":	1179648,
					"bits_per_second":	9433231.28127078,
					"retransmits":	0,
					"snd_cwnd":	273672,
					"snd_wnd":	5518976,
					"rtt":	365,
					"rttvar":	148,
					"pmtu":	1500,
					"omitted":	false,
					"sender":	true
				}],
			"sum":	{
				"start":	8.00008,
				"end":	9.000499,
				"seconds":	1.000419020652771,
				"bytes":	1179648,
				"bits_per_second":	9433231.28127078,
				"retransmits":	0,
				"omitted":	false,
				"sender":	true
			}
		}, {
			"streams":	[{
					"socket":	5,
					"start":	9.000499,
					"end":	10.000323,
					"seconds":	0.99982398748397827,
					"bytes":	1048576,
					"bits_per_second":	8390084.75992823,
					"retransmits":	0,
					"snd_cwnd":	273672,
					"snd_wnd":	5521920,
					"rtt":	514,
					"rttvar":	347,
					"pmtu":	1500,
					"omitted":	false,
					"sender":	true
				}],
			"sum":	{
				"start":	9.000499,
				"end":	10.000323,
				"seconds":	0.99982398748397827,
				"bytes":	1048576,
				"bits_per_second":	8390084.75992823,
				"retransmits":	0,
				"omitted":	false,
				"sender":	true
			}
		}, {
			"streams":	[{
					"socket":	5,
					"start":	10.000323,
					"end":	11.000742,
					"seconds":	1.000419020652771,
					"bytes":	1179648,
					"bits_per_second":	9433231.28127078,
					"retransmits":	0,
					"snd_cwnd":	273672,
					"snd_wnd":	5545088,
					"rtt":	565,
					"rttvar":	254,
					"pmtu":	1500,
					"omitted":	false,
					"sender":	true
				}],
			"sum":	{
				"start":	10.000323,
				"end":	11.000742,
				"seconds":	1.000419020652771,
				"bytes":	1179648,
				"bits_per_second":	9433231.28127078,
				"retransmits":	0,
				"omitted":	false,
				"sender":	true
			}
		}, {
			"streams":	[{
					"socket":	5,
					"start":	11.000742,
					"end":	12.000236,
					"seconds":	0.99949401617050171,
					"bytes":	1048576,
					"bits_per_second":	8392854.64873559,
					"retransmits":	0,
					"snd_cwnd":	273672,
					"snd_wnd":	5548032,
					"rtt":	539,
					"rttvar":	389,
					"pmtu":	1500,
					"omitted":	false,
					"sender":	true
				}],
			"sum":	{
				"start":	11.000742,
				"end":	12.000236,
				"seconds":	0.99949401617050171,
				"bytes":	1048576,
				"bits_per_second":	8392854.64873559,
				"retransmits":	0,
				"omitted":	false,