{
	"start":	{
		"connected":	[{
				"socket":	5,
				"local_host":	"10.0.0.1",
				"local_port":	57238,
				"remote_host":	"10.0.0.4",
				"remote_port":	5201
			}],
		"version":	"iperf 3.16",
		"system_info":	"Linux vbox 6.8.0-90-generic #91-Ubuntu SMP PREEMPT_DYNAMIC Tue Nov 18 14:14:30 UTC 2025 x86_64",
		"timestamp":	{
			"time":	"Thu, 05 Feb 2026 21:47:11 GMT",
			"timesecs":	1770328031
		},
		"connecting_to":	{
			"host":	"10.0.0.4",
			"port":	5201
		},
		"cookie":	"h7decaorfihso3toebnalqoobikx3dhj64rg",
		"tcp_mss_default":	1448,
		"target_bitrate":	9000000,
		"fq_rate":	0,
		"sock_bufsize":	0,
		"sndbuf_actual":	16384,
		"rcvbuf_actual":	131072,
		"test_start":	{
			"protocol":	"TCP",
			"num_streams":	1,
			"blksize":	131072,
			"omit":	0,
			"duration":	30,
			"bytes":	0,
			"blocks":	0,
			"reverse":	0,
			"tos":	0,
			"target_bitrate":	9000000,
			"bidir":	0,
			"fqrate":	0
		}
	},
	"intervals":	[{
			"streams":	[{
					"socket":	5,
					"start":	0,
					"end":	1.000198,
					"seconds":	1.0001980066299438,
					"bytes":	1179648,
					"bits_per_second":	9435315.74492689,
					"retransmits":	0,
					"snd_cwnd":	382272,
					"snd_wnd":	1961472,
					"rtt":	194,
					"rttvar":	103,
					"pmtu":	1500,
					"omitted":	false,
					"sender":	true
				}],
			"sum":	{
				"start":	0,
				"end":	1.000198,
				"seconds":	1.0001980066299438,
				"bytes":	1179648,
				"bits_per_second":	9435315.74492689,
				"retransmits":	0,
				"omitted":	false,
				"sender":	true
			}
		}, {
			"streams":	[{
					"socket":	5,
					"start":	1.000198,
					"end":	2.000293,
					"seconds":	1.000095009803772,
					"bytes":	1179648,
					"bits_per_second":	9436287.46018007,
					"retransmits":	0,
					"snd_cwnd":	382272,
					"snd_wnd":	4333312,
					"rtt":	178,
					"rttvar":	102,
					"pmtu":	1500,
					"omitted":	false,
					"sender":	true
				}],
			"sum":	{
				"start":	1.000198,
				"end":	2.000293,
				"seconds":	1.000095009803772,
				"bytes":	1179648,
				"bits_per_second":	9436287.46018007,
				"retransmits":	0,
				"omitted":	false,
				"sender":	true
			}
		}, {
			"streams":	[{
					"socket":	5,
					"start":	2.000293,
					"end":	3.000206,
					"seconds":	0.999912977218628,
					"bytes":	1048576,
					"bits_per_second":	8389338.06353216,
					"retransmits":	0,
					"snd_cwnd":	382272,
					"snd_wnd":	5501696,
					"rtt":	262,
					"rttvar":	165,
					"pmtu":	1500,
					"omitted":	false,
					"sender":	true
				}],
			"sum":	{
				"start":	2.000293,
				"end":	3.000206,
				"seconds":	0.999912977218628,
				"bytes":	1048576,
				"bits_per_second":	8389338.06353216,
				"retransmits":	0,
				"omitted":	false,
				"sender":	true
			}
		}, {
			"streams":	[{
					"socket":	5,
					"start":	3.000206,
					"end":	4.000735,
					"seconds":	1.0005290508270264,
					"bytes":	1179648,
					"bits_per_second":	9432193.89002181,
					"retransmits":	0,
					"snd_cwnd":	382272,
					"snd_wnd":	5504512,
					"rtt":	450,
					"rttvar":	383,
					"pmtu":	1500,
					"omitted":	false,
					"sender":	true
				}],
			"sum":	{
				"start":	3.000206,
				"end":	4.000735,
				"seconds":	1.0005290508270264,
				"bytes":	1179648,
				"bits_per_second":	9432193.89002181,
				"retransmits":	0,
				"omitted":	false,
				"sender":	true
			}
		}, {
			"streams":	[{
					"socket":	5,
					"start":	4.000735,
					"end":	5.000625,
					"seconds":	0.9998900294303894,
					"bytes":	1048576,
					"bits_per_second":	8389530.60145901,
					"retransmits":	0,
					"snd_cwnd":	382272,
					"snd_wnd":	5507456,
					"rtt":	536,
					"rttvar":	314,
					"pmtu":	1500,
					"omitted":	false,
					"sender":	true
				}],
			"sum":	{
				"start":	4.000735,
				"end":	5.000625,
				"seconds":	0.9998900294303894,
				"bytes":	1048576,
				"bits_per_second":	8389530.60145901,
				"retransmits":	0,
				"omitted":	false,
				"sender":	true
			}
		}, {
			"streams":	[{
					"socket":	5,
					"start":	5.000625,
					"end":	6.000347,
					"seconds":	0.99972200393676758,
					"bytes":	1179648,
					"bits_per_second":	9439808.2295254767,
					"retransmits":	0,
					"snd_cwnd":	382272,
					"snd_wnd":	5510400,
					"rtt":	429,
					"rttvar":	151,
					"pmtu":	1500,
					"omitted":	false,
					"sender":	true
				}],
			"sum":	{
				"start":	5.000625,
				"end":	6.000347,
				"seconds":	0.99972200393676758,
				"bytes":	1179648,
				"bits_per_second":	9439808.2295254767,
				"retransmits":	0,
				"omitted":	false,
				"sender":	true
			}
		}, {
			"streams":	[{
					"socket":	5,
					"start":	6.000347,
					"end":	7.000216,
					"seconds":	0.99986898899078369,
					"bytes":	1179648,
					"bits_per_second":	9438420.53699996,
					"retransmits":	0,
					"snd_cwnd":	382272,
					"snd_wnd":	5518976,
					"rtt":	498,
					"rttvar":	253,
					"pmtu":	1500,
					"omitted":	false,
					"sender":	true
				}],
			"sum":	{
				"start":	6.000347,
				"end":	7.000216,
				"seconds":	0.99986898899078369,
				"bytes":	1179648,
				"bits_per_second":	9438420.53699996,
				"retransmits":	0,
				"omitted":	false,
				"sender":	true
			}
		}, {
			"streams":	[{
					"socket":	5,
					"start":	7.000216,
					"end":	8.000364,
					"seconds":	1.0001480579376221,
					"bytes":	1048576,
					"bits_per_second":	8387366.1838607369,
					"retransmits":	0,
					"snd_cwnd":	382272,
					"snd_wnd":	5521920,
					"rtt":	385,
					"rttvar":	186,
					"pmtu":	1500,
					"omitted":	false,
					"sender":	true
				}],
			"sum":	{
				"start":	7.000216,
				"end":	8.000364,
				"seconds":	1.0001480579376221,
				"bytes":	1048576,
				"bits_per_second":	8387366.1838607369,
				"retransmits":	0,
				"omitted":	false,
				"sender":	true
			}
		}, {
			"streams":	[{
					"socket":	5,
					"start":	8.000364,
					"end":	9.000247,
					"seconds":	0.999882996082306,
					"bytes":	1179648,
					"bits_per_second":	9438288.31670938,
					"retransmits":	0,
					"snd_cwnd":	382272,
					"snd_wnd":	5527680,
					"rtt":	346,
					"rttvar":	129,
					"pmtu":	1500,
					"omitted":	false,
					"sender":	true
				}],
			"sum":	{
				"start":	8.000364,
				"end":	9.000247,
				"seconds":	0.999882996082306,
				"bytes":	1179648,
				"bits_per_second":	9438288.31670938,
				"retransmits":	0,
				"omitted":	false,
				"sender":	true
			}
		}, {
			"streams":	[{
					"socket":	5,
					"start":	9.000247,
					"end":	10.000189,
					"seconds":	0.99994200468063354,
					"bytes":	1048576,
					"bits_per_second":	8389094.52821636,
					"retransmits":	0,
					"snd_cwnd":	382272,
					"snd_wnd":	5533568,
					"rtt":	464,
					"rttvar":	328,
					"pmtu":	1500,
					"omitted":	false,
					"sender":	true
				}],
			"sum":	{
				"start":	9.000247,
				"end":	10.000189,
				"seconds":	0.99994200468063354,
				"bytes":	1048576,
				"bits_per_second":	8389094.52821636,
				"retransmits":	0,
				"omitted":	false,
				"sender":	true
			}
		}, {
			"streams":	[{
					"socket":	5,
					"start":	10.000189,
					"end":	11.000177,
					"seconds":	0.9999880194664,
					"bytes":	1179648,
					"bits_per_second":	9437297.0638545658,
					"retransmits":	0,
					"snd_cwnd":	382272,
					"snd_wnd":	5539328,
					"rtt":	447,
					"rttvar":	155,
					"pmtu":	1500,
					"omitted":	false,
					"sender":	true
				}],
			"sum":	{
				"start":	10.000189,
				"end":	11.000177,
				"seconds":	0.9999880194664,
				"bytes":	1179648,
				"bits_per_second":	9437297.0638545658,
				"retransmits":	0,
				"omitted":	false,
				"sender":	true
			}
		}, {
			"streams":	[{
					"socket":	5,
					"start":	11.000177,
					"end":	12.000461,
					"seconds":	1.00028395652771,
					"bytes":	1048576,
					"bits_per_second":	8386226.67619244,
					"retransmits":	0,
					"snd_cwnd":	382272,
					"snd_wnd":	5548032,
					"rtt":	536,
					"rttvar":	258,
					"pmtu":	1500,
					"omitted":	false,
					"sender":	true
				}],
			"sum":	{
				"start":	11.000177,
				"end":	12.000461,
				"seconds":	1.00028395652771,
				"bytes":	1048576,
				"bits_per_second":	8386226.67619244,
				"retransmits":	0,
				"omitted":	false,