{
	"start":	{
		"connected":	[{
				"socket":	5,
				"local_host":	"10.0.0.1",
				"local_port":	51218,
				"remote_host":	"10.0.0.3",
				"remote_port":	5201
			}],
		"version":	"iperf 3.16",
		"system_info":	"Linux vbox 6.8.0-90-generic #91-Ubuntu SMP PREEMPT_DYNAMIC Tue Nov 18 14:14:30 UTC 2025 x86_64",
		"timestamp":	{
			"time":	"Thu, 05 Feb 2026 21:48:32 GMT",
			"timesecs":	1770328112
		},
		"connecting_to":	{
			"host":	"10.0.0.3",
			"port":	5201
		},
		"cookie":	"s2uwxagqulsya3qzdabypvcakafths3u234r",
		"tcp_mss_default":	1448,
		"target_bitrate":	9000000,
		"fq_rate":	0,
		"sock_bufsize":	0,
		"sndbuf_actual":	16384,
		"rcvbuf_actual":	131072,
		"test_start":	{
			"protocol":	"TCP",
			"num_streams":	1,
			"blksize":	131072,
			"omit":	0,
			"duration":	30,
			"bytes":	0,
			"blocks":	0,
			"reverse":	0,
			"tos":	0,
			"target_bitrate":	9000000,
			"bidir":	0,
			"fqrate":	0
		}
	},
	"intervals":	[{
			"streams":	[{
					"socket":	5,
					"start":	0,
					"end":	1.000233,
					"seconds":	1.0002330541610718,
					"bytes":	1179648,
					"bits_per_second":	9434985.1374540664,
					"retransmits":	0,
					"snd_cwnd":	101360,
					"snd_wnd":	2069632,
					"rtt":	98,
					"rttvar":	60,
					"pmtu":	1500,
					"omitted":	false,
					"sender":	true
				}],
			"sum":	{
				"start":	0,
				"end":	1.000233,
				"seconds":	1.0002330541610718,
				"bytes":	1179648,
				"bits_per_second":	9434985.1374540664,
				"retransmits":	0,
				"omitted":	false,
				"sender":	true
			}
		}, {
			"streams":	[{
					"socket":	5,
					"start":	1.000233,
					"end":	2.000283,
					"seconds":	1.0000499486923218,
					"bytes":	1179648,
					"bits_per_second":	9436712.64854339,
					"retransmits":	0,
					"snd_cwnd":	136112,
					"snd_wnd":	4433152,
					"rtt":	145,
					"rttvar":	81,
					"pmtu":	1500,
					"omitted":	false,
					"sender":	true
				}],
			"sum":	{
				"start":	1.000233,
				"end":	2.000283,
				"seconds":	1.0000499486923218,
				"bytes":	1179648,
				"bits_per_second":	9436712.64854339,
				"retransmits":	0,
				"omitted":	false,
				"sender":	true
			}
		}, {
			"streams":	[{
					"socket":	5,
					"start":	2.000283,
					"end":	3.000339,
					"seconds":	1.0000560283660889,
					"bytes":	1048576,
					"bits_per_second":	8388138.0263318568,
					"retransmits":	0,
					"snd_cwnd":	136112,
					"snd_wnd":	5495808,
					"rtt":	179,
					"rttvar":	66,
					"pmtu":	1500,
					"omitted":	false,
					"sender":	true
				}],
			"sum":	{
				"start":	2.000283,
				"end":	3.000339,
				"seconds":	1.0000560283660889,
				"bytes":	1048576,
				"bits_per_second":	8388138.0263318568,
				"retransmits":	0,
				"omitted":	false,
				"sender":	true
			}
		}, {
			"streams":	[{
					"socket":	5,
					"start":	3.000339,
					"end":	4.000256,
					"seconds":	0.999916970729828,
					"bytes":	1179648,
					"bits_per_second":	9437967.6275640242,
					"retransmits":	0,
					"snd_cwnd":	136112,
					"snd_wnd":	5510400,
					"rtt":	368,
					"rttvar":	273,
					"pmtu":	1500,
					"omitted":	false,
					"sender":	true
				}],
			"sum":	{
				"start":	3.000339,
				"end":	4.000256,
				"seconds":	0.999916970729828,
				"bytes":	1179648,
				"bits_per_second":	9437967.6275640242,
				"retransmits":	0,
				"omitted":	false,
				"sender":	true
			}
		}, {
			"streams":	[{
					"socket":	5,
					"start":	4.000256,
					"end":	5.000478,
					"seconds":	1.0002219676971436,
					"bytes":	1048576,
					"bits_per_second":	8386746.4132121326,
					"retransmits":	0,
					"snd_cwnd":	136112,
					"snd_wnd":	5513216,
					"rtt":	408,
					"rttvar":	259,
					"pmtu":	1500,
					"omitted":	false,
					"sender":	true
				}],
			"sum":	{
				"start":	4.000256,
				"end":	5.000478,
				"seconds":	1.0002219676971436,
				"bytes":	1048576,
				"bits_per_second":	8386746.4132121326,
				"retransmits":	0,
				"omitted":	false,
				"sender":	true
			}
		}, {
			"streams":	[{
					"socket":	5,
					"start":	5.000478,
					"end":	6.000202,
					"seconds":	0.999723970890045,
					"bytes":	1179648,
					"bits_per_second":	9439789.65673711,
					"retransmits":	0,
					"snd_cwnd":	136112,
					"snd_wnd":	5518976,
					"rtt":	353,
					"rttvar":	84,
					"pmtu":	1500,
					"omitted":	false,
					"sender":	true
				}],
			"sum":	{
				"start":	5.000478,
				"end":	6.000202,
				"seconds":	0.999723970890045,
				"bytes":	1179648,
				"bits_per_second":	9439789.65673711,
				"retransmits":	0,
				"omitted":	false,
				"sender":	true
			}
		}, {
			"streams":	[{
					"socket":	5,
					"start":	6.000202,
					"end":	7.000198,
					"seconds":	0.9999960064888,
					"bytes":	1179648,
					"bits_per_second":	9437221.6876505055,
					"retransmits":	0,
					"snd_cwnd":	136112,
					"snd_wnd":	5518976,
					"rtt":	312,
					"rttvar":	59,
					"pmtu":	1500,
					"omitted":	false,
					"sender":	true
				}],
			"sum":	{
				"start":	6.000202,
				"end":	7.000198,
				"seconds":	0.9999960064888,
				"bytes":	1179648,
				"bits_per_second":	9437221.6876505055,
				"retransmits":	0,
				"omitted":	false,
				"sender":	true
			}
		}, {
			"streams":	[{
					"socket":	5,
					"start":	7.000198,
					"end":	8.000201,
					"seconds":	1.0000029802322388,
					"bytes":	1048576,
					"bits_per_second":	8388583.0000745058,
					"retransmits":	0,
					"snd_cwnd":	136112,
					"snd_wnd":	5521920,
					"rtt":	276,
					"rttvar":	67,
					"pmtu":	1500,
					"omitted":	false,
					"sender":	true
				}],
			"sum":	{
				"start":	7.000198,
				"end":	8.000201,
				"seconds":	1.0000029802322388,
				"bytes":	1048576,
				"bits_per_second":	8388583.0000745058,
				"retransmits":	0,
				"omitted":	false,
				"sender":	true
			}
		}, {
			"streams":	[{
					"socket":	5,
					"start":	8.000201,
					"end":	9.000173,
					"seconds":	0.99997198581695557,
					"bytes":	1179648,
					"bits_per_second":	9437448.3824064564,
					"retransmits":	0,
					"snd_cwnd":	136112,
					"snd_wnd":	5524864,
					"rtt":	312,
					"rttvar":	87,
					"pmtu":	1500,
					"omitted":	false,
					"sender":	true
				}],
			"sum":	{
				"start":	8.000201,
				"end":	9.000173,
				"seconds":	0.99997198581695557,
				"bytes":	1179648,
				"bits_per_second":	9437448.3824064564,
				"retransmits":	0,
				"omitted":	false,
				"sender":	true
			}
		}, {
			"streams":	[{
					"socket":	5,
					"start":	9.000173,
					"end":	10.000125,
					"seconds":	0.99995201826095581,
					"bytes":	1048576,
					"bits_per_second":	8389010.51931358,
					"retransmits":	0,
					"snd_cwnd":	136112,
					"snd_wnd":	5530624,
					"rtt":	276,
					"rttvar":	113,
					"pmtu":	1500,
					"omitted":	false,
					"sender":	true
				}],
			"sum":	{
				"start":	9.000173,
				"end":	10.000125,
				"seconds":	0.99995201826095581,
				"bytes":	1048576,
				"bits_per_second":	8389010.51931358,
				"retransmits":	0,
				"omitted":	false,
				"sender":	true
			}
		}, {
			"streams":	[{
					"socket":	5,
					"start":	10.000125,
					"end":	11.000327,
					"seconds":	1.000201940536499,
					"bytes":	1179648,
					"bits_per_second":	9435278.6347704772,
					"retransmits":	0,
					"snd_cwnd":	136112,
					"snd_wnd":	5548032,
					"rtt":	700,
					"rttvar":	479,
					"pmtu":	1500,
					"omitted":	false,
					"sender":	true
				}],
			"sum":	{
				"start":	10.000125,
				"end":	11.000327,
				"seconds":	1.000201940536499,
				"bytes":	1179648,
				"bits_per_second":	9435278.6347704772,
				"retransmits":	0,
				"omitted":	false,
				"sender":	true
			}
		}, {
			"streams":	[{
					"socket":	5,
					"start":	11.000327,
					"end":	12.000269,
					"seconds":	0.99994200468063354,
					"bytes":	1048576,
					"bits_per_second":	8389094.52821636,
					"retransmits":	0,
					"snd_cwnd":	136112,
					"snd_wnd":	5552768,
					"rtt":	399,
					"rttvar":	249,
					"pmtu":	1500,
					"omitted":	false,
					"sender":	true
				}],
			"sum":	{
				"start":	11.000327,
				"end":	12.000269,
				"seconds":	0.99994200468063354,
				"bytes":	1048576,
				"bits_per_second":	8389094.52821636,
				"retransmits":	0,
				"omitted":	false,