{
	"start":	{
		"connected":	[{
				"socket":	5,
				"local_host":	"10.0.0.1",
				"local_port":	34358,
				"remote_host":	"10.0.0.3",
				"remote_port":	5201
			}],
		"version":	"iperf 3.16",
		"system_info":	"Linux vbox 6.8.0-90-generic #91-Ubuntu SMP PREEMPT_DYNAMIC Tue Nov 18 14:14:30 UTC 2025 x86_64",
		"timestamp":	{
			"time":	"Thu, 05 Feb 2026 21:49:12 GMT",
			"timesecs":	1770328152
		},
		"connecting_to":	{
			"host":	"10.0.0.3",
			"port":	5201
		},
		"cookie":	"qszzoc6tc6h4eb6jsrqd3rwetyyab7jbolzd",
		"tcp_mss_default":	1448,
		"target_bitrate":	9000000,
		"fq_rate":	0,
		"sock_bufsize":	0,
		"sndbuf_actual":	16384,
		"rcvbuf_actual":	131072,
		"test_start":	{
			"protocol":	"TCP",
			"num_streams":	1,
			"blksize":	131072,
			"omit":	0,
			"duration":	30,
			"bytes":	0,
			"blocks":	0,
			"reverse":	0,
			"tos":	0,
			"target_bitrate":	9000000,
			"bidir":	0,
			"fqrate":	0
		}
	},
	"intervals":	[{
			"streams":	[{
					"socket":	5,
					"start":	0,
					"end":	1.000196,
					"seconds":	1.0001959800720215,
					"bytes":	1179648,
					"bits_per_second":	9435334.86239412,
					"retransmits":	0,
					"snd_cwnd":	279464,
					"snd_wnd":	1651456,
					"rtt":	220,
					"rttvar":	70,
					"pmtu":	1500,
					"omitted":	false,
					"sender":	true
				}],
			"sum":	{
				"start":	0,
				"end":	1.000196,
				"seconds":	1.0001959800720215,
				"bytes":	1179648,
				"bits_per_second":	9435334.86239412,
				"retransmits":	0,
				"omitted":	false,
				"sender":	true
			}
		}, {
			"streams":	[{
					"socket":	5,
					"start":	1.000196,
					"end":	2.000374,
					"seconds":	1.0001779794692993,
					"bytes":	1179648,
					"bits_per_second":	9435504.67388557,
					"retransmits":	0,
					"snd_cwnd":	279464,
					"snd_wnd":	1654272,
					"rtt":	260,
					"rttvar":	51,
					"pmtu":	1500,
					"omitted":	false,
					"sender":	true
				}],
			"sum":	{
				"start":	1.000196,
				"end":	2.000374,
				"seconds":	1.0001779794692993,
				"bytes":	1179648,
				"bits_per_second":	9435504.67388557,
				"retransmits":	0,
				"omitted":	false,
				"sender":	true
			}
		}, {
			"streams":	[{
					"socket":	5,
					"start":	2.000374,
					"end":	3.000268,
					"seconds":	0.99989402294158936,
					"bytes":	1048576,
					"bits_per_second":	8389497.09422359,
					"retransmits":	0,
					"snd_cwnd":	279464,
					"snd_wnd":	1657216,
					"rtt":	430,
					"rttvar":	288,
					"pmtu":	1500,
					"omitted":	false,
					"sender":	true
				}],
			"sum":	{
				"start":	2.000374,
				"end":	3.000268,
				"seconds":	0.99989402294158936,
				"bytes":	1048576,
				"bits_per_second":	8389497.09422359,
				"retransmits":	0,
				"omitted":	false,
				"sender":	true
			}
		}, {
			"streams":	[{
					"socket":	5,
					"start":	3.000268,
					"end":	4.000281,
					"seconds":	1.000012993812561,
					"bytes":	1179648,
					"bits_per_second":	9437061.3765933458,
					"retransmits":	0,
					"snd_cwnd":	279464,
					"snd_wnd":	1662976,
					"rtt":	405,
					"rttvar":	111,
					"pmtu":	1500,
					"omitted":	false,
					"sender":	true
				}],
			"sum":	{
				"start":	3.000268,
				"end":	4.000281,
				"seconds":	1.000012993812561,
				"bytes":	1179648,
				"bits_per_second":	9437061.3765933458,
				"retransmits":	0,
				"omitted":	false,
				"sender":	true
			}
		}, {
			"streams":	[{
					"socket":	5,
					"start":	4.000281,
					"end":	5.000678,
					"seconds":	1.0003969669342041,
					"bytes":	1048576,
					"bits_per_second":	8385279.32137535,
					"retransmits":	0,
					"snd_cwnd":	279464,
					"snd_wnd":	1668736,
					"rtt":	635,
					"rttvar":	267,
					"pmtu":	1500,
					"omitted":	false,
					"sender":	true
				}],
			"sum":	{
				"start":	4.000281,
				"end":	5.000678,
				"seconds":	1.0003969669342041,
				"bytes":	1048576,
				"bits_per_second":	8385279.32137535,
				"retransmits":	0,
				"omitted":	false,
				"sender":	true
			}
		}, {
			"streams":	[{
					"socket":	5,
					"start":	5.000678,
					"end":	6.000247,
					"seconds":	0.999568998813629,
					"bytes":	1179648,
					"bits_per_second":	9441253.19132629,
					"retransmits":	0,
					"snd_cwnd":	279464,
					"snd_wnd":	1674624,
					"rtt":	471,
					"rttvar":	182,
					"pmtu":	1500,
					"omitted":	false,
					"sender":	true
				}],
			"sum":	{
				"start":	5.000678,
				"end":	6.000247,
				"seconds":	0.999568998813629,
				"bytes":	1179648,
				"bits_per_second":	9441253.19132629,
				"retransmits":	0,
				"omitted":	false,
				"sender":	true
			}
		}, {
			"streams":	[{
					"socket":	5,
					"start":	6.000247,
					"end":	7.000245,
					"seconds":	0.99999797344207764,
					"bytes":	1179648,
					"bits_per_second":	9437203.12503876,
					"retransmits":	0,
					"snd_cwnd":	279464,
					"snd_wnd":	1683200,
					"rtt":	408,
					"rttvar":	142,
					"pmtu":	1500,
					"omitted":	false,
					"sender":	true
				}],
			"sum":	{
				"start":	6.000247,
				"end":	7.000245,
				"seconds":	0.99999797344207764,
				"bytes":	1179648,
				"bits_per_second":	9437203.12503876,
				"retransmits":	0,
				"omitted":	false,
				"sender":	true
			}
		}, {
			"streams":	[{
					"socket":	5,
					"start":	7.000245,
					"end":	8.000178,
					"seconds":	0.99993300437927246,
					"bytes":	1048576,
					"bits_per_second":	8389170.03765406,
					"retransmits":	0,
					"snd_cwnd":	279464,
					"snd_wnd":	1689088,
					"rtt":	347,
					"rttvar":	75,
					"pmtu":	1500,
					"omitted":	false,
					"sender":	true
				}],
			"sum":	{
				"start":	7.000245,
				"end":	8.000178,
				"seconds":	0.99993300437927246,
				"bytes":	1048576,
				"bits_per_second":	8389170.03765406,
				"retransmits":	0,
				"omitted":	false,
				"sender":	true
			}
		}, {
			"streams":	[{
					"socket":	5,
					"start":	8.000178,
					"end":	9.00074,
					"seconds":	1.0005619525909424,
					"bytes":	1179648,
					"bits_per_second":	9431883.7285013,
					"retransmits":	0,
					"snd_cwnd":	279464,
					"snd_wnd":	1689088,
					"rtt":	372,
					"rttvar":	108,
					"pmtu":	1500,
					"omitted":	false,
					"sender":	true
				}],
			"sum":	{
				"start":	8.000178,
				"end":	9.00074,
				"seconds":	1.0005619525909424,
				"bytes":	1179648,
				"bits_per_second":	9431883.7285013,
				"retransmits":	0,
				"omitted":	false,
				"sender":	true
			}
		}, {
			"streams":	[{
					"socket":	5,
					"start":	9.00074,
					"end":	10.000274,
					"seconds":	0.999534010887146,
					"bytes":	1048576,
					"bits_per_second":	8392518.82240066,
					"retransmits":	0,
					"snd_cwnd":	279464,
					"snd_wnd":	1694848,
					"rtt":	362,
					"rttvar":	108,
					"pmtu":	1500,
					"omitted":	false,
					"sender":	true
				}],
			"sum":	{
				"start":	9.00074,
				"end":	10.000274,
				"seconds":	0.999534010887146,
				"bytes":	1048576,
				"bits_per_second":	8392518.82240066,
				"retransmits":	0,
				"omitted":	false,
				"sender":	true
			}
		}, {
			"streams":	[{
					"socket":	5,
					"start":	10.000274,
					"end":	11.000369,
					"seconds":	1.000095009803772,
					"bytes":	1179648,
					"bits_per_second":	9436287.46018007,
					"retransmits":	0,
					"snd_cwnd":	279464,
					"snd_wnd":	1700608,
					"rtt":	370,
					"rttvar":	168,
					"pmtu":	1500,
					"omitted":	false,
					"sender":	true
				}],
			"sum":	{
				"start":	10.000274,
				"end":	11.000369,
				"seconds":	1.000095009803772,
				"bytes":	1179648,
				"bits_per_second":	9436287.46018007,
				"retransmits":	0,
				"omitted":	false,
				"sender":	true
			}
		}, {
			"streams":	[{
					"socket":	5,
					"start":	11.000369,
					"end":	12.000228,
					"seconds":	0.99985897541046143,
					"bytes":	1048576,
					"bits_per_second":	8389791.16685562,
					"retransmits":	0,
					"snd_cwnd":	279464,
					"snd_wnd":	1700992,
					"rtt":	457,
					"rttvar":	213,
					"pmtu":	1500,
					"omitted":	false,
					"sender":	true
				}],
			"sum":	{
				"start":	11.000369,
				"end":	12.000228,
				"seconds":	0.99985897541046143,
				"bytes":	1048576,
				"bits_per_second":	8389791.16685562,
				"retransmits":	0,
				"omitted":	false,