{
	"start":	{
		"connected":	[{
				"socket":	5,
				"local_host":	"10.0.0.1",
				"local_port":	44142,
				"remote_host":	"10.0.0.4",
				"remote_port":	5201
			}],
		"version":	"iperf 3.16",
		"system_info":	"Linux vbox 6.8.0-90-generic #91-Ubuntu SMP PREEMPT_DYNAMIC Tue Nov 18 14:14:30 UTC 2025 x86_64",
		"timestamp":	{
			"time":	"Thu, 05 Feb 2026 21:46:20 GMT",
			"timesecs":	1770327980
		},
		"connecting_to":	{
			"host":	"10.0.0.4",
			"port":	5201
		},
		"cookie":	"ny432od4g3himeuvx5n53b3hd6rxw7gpvvjz",
		"tcp_mss_default":	1448,
		"target_bitrate":	9000000,
		"fq_rate":	0,
		"sock_bufsize":	0,
		"sndbuf_actual":	16384,
		"rcvbuf_actual":	131072,
		"test_start":	{
			"protocol":	"TCP",
			"num_streams":	1,
			"blksize":	131072,
			"omit":	0,
			"duration":	30,
			"bytes":	0,
			"blocks":	0,
			"reverse":	0,
			"tos":	0,
			"target_bitrate":	9000000,
			"bidir":	0,
			"fqrate":	0
		}
	},
	"intervals":	[{
			"streams":	[{
					"socket":	5,
					"start":	0,
					"end":	1.000148,
					"seconds":	1.0001480579376221,
					"bytes":	1179648,
					"bits_per_second":	9435786.95684333,
					"retransmits":	0,
					"snd_cwnd":	312768,
					"snd_wnd":	2201216,
					"rtt":	302,
					"rttvar":	182,
					"pmtu":	1500,
					"omitted":	false,
					"sender":	true
				}],
			"sum":	{
				"start":	0,
				"end":	1.000148,
				"seconds":	1.0001480579376221,
				"bytes":	1179648,
				"bits_per_second":	9435786.95684333,
				"retransmits":	0,
				"omitted":	false,
				"sender":	true
			}
		}, {
			"streams":	[{
					"socket":	5,
					"start":	1.000148,
					"end":	2.000175,
					"seconds":	1.0000269412994385,
					"bytes":	1179648,
					"bits_per_second":	9436929.75684964,
					"retransmits":	0,
					"snd_cwnd":	312768,
					"snd_wnd":	3080320,
					"rtt":	302,
					"rttvar":	203,
					"pmtu":	1500,
					"omitted":	false,
					"sender":	true
				}],
			"sum":	{
				"start":	1.000148,
				"end":	2.000175,
				"seconds":	1.0000269412994385,
				"bytes":	1179648,
				"bits_per_second":	9436929.75684964,
				"retransmits":	0,
				"omitted":	false,
				"sender":	true
			}
		}, {
			"streams":	[{
					"socket":	5,
					"start":	2.000175,
					"end":	3.000257,
					"seconds":	1.0000820159912109,
					"bytes":	1048576,
					"bits_per_second":	8387920.0564223742,
					"retransmits":	0,
					"snd_cwnd":	312768,
					"snd_wnd":	3086208,
					"rtt":	291,
					"rttvar":	140,
					"pmtu":	1500,
					"omitted":	false,
					"sender":	true
				}],
			"sum":	{
				"start":	2.000175,
				"end":	3.000257,
				"seconds":	1.0000820159912109,
				"bytes":	1048576,
				"bits_per_second":	8387920.0564223742,
				"retransmits":	0,
				"omitted":	false,
				"sender":	true
			}
		}, {
			"streams":	[{
					"socket":	5,
					"start":	3.000257,
					"end":	4.000253,
					"seconds":	0.9999960064888,
					"bytes":	1179648,
					"bits_per_second":	9437221.6876505055,
					"retransmits":	0,
					"snd_cwnd":	312768,
					"snd_wnd":	3089024,
					"rtt":	505,
					"rttvar":	333,
					"pmtu":	1500,
					"omitted":	false,
					"sender":	true
				}],
			"sum":	{
				"start":	3.000257,
				"end":	4.000253,
				"seconds":	0.9999960064888,
				"bytes":	1179648,
				"bits_per_second":	9437221.6876505055,
				"retransmits":	0,
				"omitted":	false,
				"sender":	true
			}
		}, {
			"streams":	[{
					"socket":	5,
					"start":	4.000253,
					"end":	5.000164,
					"seconds":	0.99991101026535034,
					"bytes":	1048576,
					"bits_per_second":	8389354.56643675,
					"retransmits":	0,
					"snd_cwnd":	312768,
					"snd_wnd":	3094912,
					"rtt":	361,
					"rttvar":	123,
					"pmtu":	1500,
					"omitted":	false,
					"sender":	true
				}],
			"sum":	{
				"start":	4.000253,
				"end":	5.000164,
				"seconds":	0.99991101026535034,
				"bytes":	1048576,
				"bits_per_second":	8389354.56643675,
				"retransmits":	0,
				"omitted":	false,
				"sender":	true
			}
		}, {
			"streams":	[{
					"socket":	5,
					"start":	5.000164,
					"end":	6.00016,
					"seconds":	0.9999960064888,
					"bytes":	1179648,
					"bits_per_second":	9437221.6876505055,
					"retransmits":	0,
					"snd_cwnd":	312768,
					"snd_wnd":	3097728,
					"rtt":	302,
					"rttvar":	67,
					"pmtu":	1500,
					"omitted":	false,
					"sender":	true
				}],
			"sum":	{
				"start":	5.000164,
				"end":	6.00016,
				"seconds":	0.9999960064888,
				"bytes":	1179648,
				"bits_per_second":	9437221.6876505055,
				"retransmits":	0,
				"omitted":	false,
				"sender":	true
			}
		}, {
			"streams":	[{
					"socket":	5,
					"start":	6.00016,
					"end":	7.000176,
					"seconds":	1.0000159740448,
					"bytes":	1179648,
					"bits_per_second":	9437033.25240805,
					"retransmits":	0,
					"snd_cwnd":	312768,
					"snd_wnd":	3106432,
					"rtt":	307,
					"rttvar":	69,
					"pmtu":	1500,
					"omitted":	false,
					"sender":	true
				}],
			"sum":	{
				"start":	6.00016,
				"end":	7.000176,
				"seconds":	1.0000159740448,
				"bytes":	1179648,
				"bits_per_second":	9437033.25240805,
				"retransmits":	0,
				"omitted":	false,
				"sender":	true
			}
		}, {
			"streams":	[{
					"socket":	5,
					"start":	7.000176,
					"end":	8.000166,
					"seconds":	0.99998998641967773,
					"bytes":	1048576,
					"bits_per_second":	8388692.00084115,
					"retransmits":	0,
					"snd_cwnd":	312768,
					"snd_wnd":	3106432,
					"rtt":	347,
					"rttvar":	75,
					"pmtu":	1500,
					"omitted":	false,
					"sender":	true
				}],
			"sum":	{
				"start":	7.000176,
				"end":	8.000166,
				"seconds":	0.99998998641967773,
				"bytes":	1048576,
				"bits_per_second":	8388692.00084115,
				"retransmits":	0,
				"omitted":	false,
				"sender":	true
			}
		}, {
			"streams":	[{
					"socket":	5,
					"start":	8.000166,
					"end":	9.000208,
					"seconds":	1.0000419616699219,
					"bytes":	1179648,
					"bits_per_second":	9436788.0166161247,
					"retransmits":	0,
					"snd_cwnd":	312768,
					"snd_wnd":	3118080,
					"rtt":	362,
					"rttvar":	99,
					"pmtu":	1500,
					"omitted":	false,
					"sender":	true
				}],
			"sum":	{
				"start":	8.000166,
				"end":	9.000208,
				"seconds":	1.0000419616699219,
				"bytes":	1179648,
				"bits_per_second":	9436788.0166161247,
				"retransmits":	0,
				"omitted":	false,
				"sender":	true
			}
		}, {
			"streams":	[{
					"socket":	5,
					"start":	9.000208,
					"end":	10.000158,
					"seconds":	0.99994999170303345,
					"bytes":	1048576,
					"bits_per_second":	8389027.52097953,
					"retransmits":	0,
					"snd_cwnd":	312768,
					"snd_wnd":	3126656,
					"rtt":	342,
					"rttvar":	163,
					"pmtu":	1500,
					"omitted":	false,
					"sender":	true
				}],
			"sum":	{
				"start":	9.000208,
				"end":	10.000158,
				"seconds":	0.99994999170303345,
				"bytes":	1048576,
				"bits_per_second":	8389027.52097953,
				"retransmits":	0,
				"omitted":	false,
				"sender":	true
			}
		}, {
			"streams":	[{
					"socket":	5,
					"start":	10.000158,
					"end":	11.000149,
					"seconds":	0.999990999698639,
					"bytes":	1179648,
					"bits_per_second":	9437268.93826447,
					"retransmits":	0,
					"snd_cwnd":	312768,
					"snd_wnd":	3132544,
					"rtt":	536,
					"rttvar":	260,
					"pmtu":	1500,
					"omitted":	false,
					"sender":	true
				}],
			"sum":	{
				"start":	10.000158,
				"end":	11.000149,
				"seconds":	0.999990999698639,
				"bytes":	1179648,
				"bits_per_second":	9437268.93826447,
				"retransmits":	0,
				"omitted":	false,
				"sender":	true
			}
		}, {
			"streams":	[{
					"socket":	5,
					"start":	11.000149,
					"end":	12.001882,
					"seconds":	1.0017329454422,
					"bytes":	1048576,
					"bits_per_second":	8374096.1482473528,
					"retransmits":	0,
					"snd_cwnd":	312768,
					"snd_wnd":	3132544,
					"rtt":	709,
					"rttvar":	753,
					"pmtu":	1500,
					"omitted":	false,
					"sender":	true
				}],
			"sum":	{
				"start":	11.000149,
				"end":	12.001882,
				"seconds":	1.0017329454422,
				"bytes":	1048576,
				"bits_per_second":	8374096.1482473528,
				"retransmits":	0,
				"omitted":	false,