{
	"start":	{
		"connected":	[{
				"socket":	5,
				"local_host":	"10.0.0.1",
				"local_port":	38160,
				"remote_host":	"10.0.0.3",
				"remote_port":	5201
			}],
		"version":	"iperf 3.16",
		"system_info":	"Linux net 6.8.0-85-generic #85-Ubuntu SMP PREEMPT_DYNAMIC Thu Sep 18 15:26:59 UTC 2025 x86_64",
		"timestamp":	{
			"time":	"Mon, 13 Oct 2025 00:19:29 GMT",
			"timesecs":	1760314769
		},
		"connecting_to":	{
			"host":	"10.0.0.3",
			"port":	5201
		},
		"cookie":	"5uuo5xiziqhd546gc6lmv7f7v3ndj3af32s4",
		"target_bitrate":	7000000,
		"fq_rate":	0,
		"sock_bufsize":	0,
		"sndbuf_actual":	212992,
		"rcvbuf_actual":	212992,
		"test_start":	{
			"protocol":	"UDP",
			"num_streams":	1,
			"blksize":	1448,
			"omit":	0,
			"duration":	30,
			"bytes":	0,
			"blocks":	0,
			"reverse":	0,
			"tos":	0,
			"target_bitrate":	7000000,
			"bidir":	0,
			"fqrate":	0
		}
	},
	"intervals":	[{
			"streams":	[{
					"socket":	5,
					"start":	0,
					"end":	1.000086,
					"seconds":	1.0000859498977661,
					"bytes":	874592,
					"bits_per_second":	6996134.6829392435,
					"packets":	604,
					"omitted":	false,
					"sender":	true
				}],
			"sum":	{
				"start":	0,
				"end":	1.000086,
				"seconds":	1.0000859498977661,
				"bytes":	874592,
				"bits_per_second":	6996134.6829392435,
				"packets":	604,
				"omitted":	false,
				"sender":	true
			}
		}, {
			"streams":	[{
					"socket":	5,
					"start":	1.000086,
					"end":	2.000083,
					"seconds":	0.99999701976776123,
					"bytes":	876040,
					"bits_per_second":	7008340.88648345,
					"packets":	605,
					"omitted":	false,
					"sender":	true
				}],
			"sum":	{
				"start":	1.000086,
				"end":	2.000083,
				"seconds":	0.99999701976776123,
				"bytes":	876040,
				"bits_per_second":	7008340.88648345,
				"packets":	605,
				"omitted":	false,
				"sender":	true
			}
		}, {
			"streams":	[{
					"socket":	5,
					"start":	2.000083,
					"end":	3.000085,
					"seconds":	1.0000020265579224,
					"bytes":	874592,
					"bits_per_second":	6996721.8207379635,
					"packets":	604,
					"omitted":	false,
					"sender":	true
				}],
			"sum":	{
				"start":	2.000083,
				"end":	3.000085,
				"seconds":	1.0000020265579224,
				"bytes":	874592,
				"bits_per_second":	6996721.8207379635,
				"packets":	604,
				"omitted":	false,
				"sender":	true
			}
		}, {
			"streams":	[{
					"socket":	5,
					"start":	3.000085,
					"end":	4.000103,
					"seconds":	1.0000180006027222,
					"bytes":	874592,
					"bits_per_second":	6996610.0568019655,
					"packets":	604,
					"omitted":	false,
					"sender":	true
				}],
			"sum":	{
				"start":	3.000085,
				"end":	4.000103,
				"seconds":	1.0000180006027222,
				"bytes":	874592,
				"bits_per_second":	6996610.0568019655,
				"packets":	604,
				"omitted":	false,
				"sender":	true
			}
		}, {
			"streams":	[{
					"socket":	5,
					"start":	4.000103,
					"end":	5.000093,
					"seconds":	0.99998998641967773,
					"bytes":	874592,
					"bits_per_second":	6996806.0630795117,
					"packets":	604,
					"omitted":	false,
					"sender":	true
				}],
			"sum":	{
				"start":	4.000103,
				"end":	5.000093,
				"seconds":	0.99998998641967773,
				"bytes":	874592,
				"bits_per_second":	6996806.0630795117,
				"packets":	604,
				"omitted":	false,
				"sender":	true
			}
		}, {
			"streams":	[{
					"socket":	5,
					"start":	5.000093,
					"end":	6.000084,
					"seconds":	0.999990999698639,
					"bytes":	876040,
					"bits_per_second":	7008383.0775597524,
					"packets":	605,
					"omitted":	false,
					"sender":	true
				}],
			"sum":	{
				"start":	5.000093,
				"end":	6.000084,
				"seconds":	0.999990999698639,
				"bytes":	876040,
				"bits_per_second":	7008383.0775597524,
				"packets":	605,
				"omitted":	false,
				"sender":	true
			}
		}, {
			"streams":	[{
					"socket":	5,
					"start":	6.000084,
					"end":	7.000102,
					"seconds":	1.0000180006027222,
					"bytes":	874592,
					"bits_per_second":	6996610.0568019655,
					"packets":	604,
					"omitted":	false,
					"sender":	true
				}],
			"sum":	{
				"start":	6.000084,
				"end":	7.000102,
				"seconds":	1.0000180006027222,
				"bytes":	874592,
				"bits_per_second":	6996610.0568019655,
				"packets":	604,
				"omitted":	false,
				"sender":	true
			}
		}, {
			"streams":	[{
					"socket":	5,
					"start":	7.000102,
					"end":	8.000147,
					"seconds":	1.0000449419021606,
					"bytes":	874592,
					"bits_per_second":	6996421.5675064381,
					"packets":	604,
					"omitted":	false,
					"sender":	true
				}],
			"sum":	{
				"start":	7.000102,
				"end":	8.000147,
				"seconds":	1.0000449419021606,
				"bytes":	874592,
				"bits_per_second":	6996421.5675064381,
				"packets":	604,
				"omitted":	false,
				"sender":	true
			}
		}, {
			"streams":	[{
					"socket":	5,
					"start":	8.000147,
					"end":	9.000085,
					"seconds":	0.99993801116943359,
					"bytes":	874592,
					"bits_per_second":	6997169.7463698518,
					"packets":	604,
					"omitted":	false,
					"sender":	true
				}],
			"sum":	{
				"start":	8.000147,
				"end":	9.000085,
				"seconds":	0.99993801116943359,
				"bytes":	874592,
				"bits_per_second":	6997169.7463698518,
				"packets":	604,
				"omitted":	false,
				"sender":	true
			}
		}, {
			"streams":	[{
					"socket":	5,
					"start":	9.000085,
					"end":	10.000103,
					"seconds":	1.0000180006027222,
					"bytes":	876040,
					"bits_per_second":	7008193.8482867368,
					"packets":	605,
					"omitted":	false,
					"sender":	true
				}],
			"sum":	{
				"start":	9.000085,
				"end":	10.000103,
				"seconds":	1.0000180006027222,
				"bytes":	876040,
				"bits_per_second":	7008193.8482867368,
				"packets":	605,
				"omitted":	false,
				"sender":	true
			}
		}, {
			"streams":	[{
					"socket":	5,
					"start":	10.000103,
					"end":	11.000082,
					"seconds":	0.999979019165039,
					"bytes":	874592,
					"bits_per_second":	6996882.8004432768,
					"packets":	604,
					"omitted":	false,
					"sender":	true
				}],
			"sum":	{
				"start":	10.000103,
				"end":	11.000082,
				"seconds":	0.999979019165039,
				"bytes":	874592,
				"bits_per_second":	6996882.8004432768,
				"packets":	604,
				"omitted":	false,
				"sender":	true
			}
		}, {
			"streams":	[{
					"socket":	5,
					"start":	11.000082,
					"end":	12.000083,
					"seconds":	1.0000009536743164,
					"bytes":	874592,
					"bits_per_second":	6996729.3273989419,
					"packets":	604,
					"omitted":	false,
					"sender":	true
				}],
			"sum":	{
				"start":	11.000082,
				"end":	12.000083,
				"seconds":	1.0000009536743164,
				"bytes":	874592,
				"bits_per_second":	6996729.3273989419,
				"packets":	604,
				"omitted":	false,
				"sender":	true
			}
		}, {
			"streams":	[{
					"socket":	5,
					"start":	12.000083,
					"end":	13.000115,
					"seconds":	1.0000319480895996,
					"bytes":	876040,
					"bits_per_second":	7008096.104717724,
					"packets":	605,
					"omitted":	false,
					"sender":	true
				}],
			"sum":	{
				"start":	12.000083,
				"end":	13.000115,
				"seconds":	1.0000319480895996,
				"bytes":	876040,
				"bits_per_second":	7008096.104717724,
				"packets":	605,
				"omitted":	false,
				"sender":	true
			}
		}, {
			"streams":	[{
					"socket":	5,
					"start":	13.000115,
					"end":	14.000089,
					"seconds":	0.999974012374878,
					"bytes":	874592,
					"bits_per_second":	6996917.83327766,
					"packets":	604,
					"omitted":	false,
					"sender":	true
				}],
			"sum":	{
				"start":	13.000115,
				"end":	14.000089,
				"seconds":	0.999974012374878,
				"bytes":	874592,
				"bits_per_second":	6996917.83327766,
				"packets":	604,
				"omitted":	false,