{
	"start":	{
		"connected":	[{
				"socket":	5,
				"local_host":	"10.0.0.1",
				"local_port":	34859,
				"remote_host":	"10.0.0.3",
				"remote_port":	5201
			}],
		"version":	"iperf 3.16",
		"system_info":	"Linux net 6.8.0-85-generic #85-Ubuntu SMP PREEMPT_DYNAMIC Thu Sep 18 15:26:59 UTC 2025 x86_64",
		"timestamp":	{
			"time":	"Mon, 13 Oct 2025 00:12:55 GMT",
			"timesecs":	1760314375
		},
		"connecting_to":	{
			"host":	"10.0.0.3",
			"port":	5201
		},
		"cookie":	"vzzevlybqjqvbhzrhq7coxqefdcqwijymgik",
		"target_bitrate":	7000000,
		"fq_rate":	0,
		"sock_bufsize":	0,
		"sndbuf_actual":	212992,
		"rcvbuf_actual":	212992,
		"test_start":	{
			"protocol":	"UDP",
			"num_streams":	1,
			"blksize":	1448,
			"omit":	0,
			"duration":	30,
			"bytes":	0,
			"blocks":	0,
			"reverse":	0,
			"tos":	0,
			"target_bitrate":	7000000,
			"bidir":	0,
			"fqrate":	0
		}
	},
	"intervals":	[{
			"streams":	[{
					"socket":	5,
					"start":	0,
					"end":	1.000089,
					"seconds":	1.0000890493392944,
					"bytes":	874592,
					"bits_per_second":	6996113.0007596528,
					"packets":	604,
					"omitted":	false,
					"sender":	true
				}],
			"sum":	{
				"start":	0,
				"end":	1.000089,
				"seconds":	1.0000890493392944,
				"bytes":	874592,
				"bits_per_second":	6996113.0007596528,
				"packets":	604,
				"omitted":	false,
				"sender":	true
			}
		}, {
			"streams":	[{
					"socket":	5,
					"start":	1.000089,
					"end":	2.000104,
					"seconds":	1.0000150203704834,
					"bytes":	876040,
					"bits_per_second":	7008214.7340182681,
					"packets":	605,
					"omitted":	false,
					"sender":	true
				}],
			"sum":	{
				"start":	1.000089,
				"end":	2.000104,
				"seconds":	1.0000150203704834,
				"bytes":	876040,
				"bits_per_second":	7008214.7340182681,
				"packets":	605,
				"omitted":	false,
				"sender":	true
			}
		}, {
			"streams":	[{
					"socket":	5,
					"start":	2.000104,
					"end":	3.000084,
					"seconds":	0.99997997283935547,
					"bytes":	874592,
					"bits_per_second":	6996876.1275622165,
					"packets":	604,
					"omitted":	false,
					"sender":	true
				}],
			"sum":	{
				"start":	2.000104,
				"end":	3.000084,
				"seconds":	0.99997997283935547,
				"bytes":	874592,
				"bits_per_second":	6996876.1275622165,
				"packets":	604,
				"omitted":	false,
				"sender":	true
			}
		}, {
			"streams":	[{
					"socket":	5,
					"start":	3.000084,
					"end":	4.000113,
					"seconds":	1.0000289678573608,
					"bytes":	874592,
					"bits_per_second":	6996533.32542061,
					"packets":	604,
					"omitted":	false,
					"sender":	true
				}],
			"sum":	{
				"start":	3.000084,
				"end":	4.000113,
				"seconds":	1.0000289678573608,
				"bytes":	874592,
				"bits_per_second":	6996533.32542061,
				"packets":	604,
				"omitted":	false,
				"sender":	true
			}
		}, {
			"streams":	[{
					"socket":	5,
					"start":	4.000113,
					"end":	5.000106,
					"seconds":	0.99999302625656128,
					"bytes":	874592,
					"bits_per_second":	6996784.7937820479,
					"packets":	604,
					"omitted":	false,
					"sender":	true
				}],
			"sum":	{
				"start":	4.000113,
				"end":	5.000106,
				"seconds":	0.99999302625656128,
				"bytes":	874592,
				"bits_per_second":	6996784.7937820479,
				"packets":	604,
				"omitted":	false,
				"sender":	true
			}
		}, {
			"streams":	[{
					"socket":	5,
					"start":	5.000106,
					"end":	6.000084,
					"seconds":	0.999978005886078,
					"bytes":	876040,
					"bits_per_second":	7008474.14517877,
					"packets":	605,
					"omitted":	false,
					"sender":	true
				}],
			"sum":	{
				"start":	5.000106,
				"end":	6.000084,
				"seconds":	0.999978005886078,
				"bytes":	876040,
				"bits_per_second":	7008474.14517877,
				"packets":	605,
				"omitted":	false,
				"sender":	true
			}
		}, {
			"streams":	[{
					"socket":	5,
					"start":	6.000084,
					"end":	7.000085,
					"seconds":	1.0000009536743164,
					"bytes":	874592,
					"bits_per_second":	6996729.3273989419,
					"packets":	604,
					"omitted":	false,
					"sender":	true
				}],
			"sum":	{
				"start":	6.000084,
				"end":	7.000085,
				"seconds":	1.0000009536743164,
				"bytes":	874592,
				"bits_per_second":	6996729.3273989419,
				"packets":	604,
				"omitted":	false,
				"sender":	true
			}
		}, {
			"streams":	[{
					"socket":	5,
					"start":	7.000085,
					"end":	8.000083,
					"seconds":	0.99999797344207764,
					"bytes":	874592,
					"bits_per_second":	6996750.1793195065,
					"packets":	604,
					"omitted":	false,
					"sender":	true
				}],
			"sum":	{
				"start":	7.000085,
				"end":	8.000083,
				"seconds":	0.99999797344207764,
				"bytes":	874592,
				"bits_per_second":	6996750.1793195065,
				"packets":	604,
				"omitted":	false,
				"sender":	true
			}
		}, {
			"streams":	[{
					"socket":	5,
					"start":	8.000083,
					"end":	9.000085,
					"seconds":	1.0000020265579224,
					"bytes":	874592,
					"bits_per_second":	6996721.8207379635,
					"packets":	604,
					"omitted":	false,
					"sender":	true
				}],
			"sum":	{
				"start":	8.000083,
				"end":	9.000085,
				"seconds":	1.0000020265579224,
				"bytes":	874592,
				"bits_per_second":	6996721.8207379635,
				"packets":	604,
				"omitted":	false,
				"sender":	true
			}
		}, {
			"streams":	[{
					"socket":	5,
					"start":	9.000085,
					"end":	10.000103,
					"seconds":	1.0000180006027222,
					"bytes":	876040,
					"bits_per_second":	7008193.8482867368,
					"packets":	605,
					"omitted":	false,
					"sender":	true
				}],
			"sum":	{
				"start":	9.000085,
				"end":	10.000103,
				"seconds":	1.0000180006027222,
				"bytes":	876040,
				"bits_per_second":	7008193.8482867368,
				"packets":	605,
				"omitted":	false,
				"sender":	true
			}
		}, {
			"streams":	[{
					"socket":	5,
					"start":	10.000103,
					"end":	11.000084,
					"seconds":	0.99998098611831665,
					"bytes":	874592,
					"bits_per_second":	6996869.0376400352,
					"packets":	604,
					"omitted":	false,
					"sender":	true
				}],
			"sum":	{
				"start":	10.000103,
				"end":	11.000084,
				"seconds":	0.99998098611831665,
				"bytes":	874592,
				"bits_per_second":	6996869.0376400352,
				"packets":	604,
				"omitted":	false,
				"sender":	true
			}
		}, {
			"streams":	[{
					"socket":	5,
					"start":	11.000084,
					"end":	12.00008,
					"seconds":	0.9999960064888,
					"bytes":	874592,
					"bits_per_second":	6996763.9416551646,
					"packets":	604,
					"omitted":	false,
					"sender":	true
				}],
			"sum":	{
				"start":	11.000084,
				"end":	12.00008,
				"seconds":	0.9999960064888,
				"bytes":	874592,
				"bits_per_second":	6996763.9416551646,
				"packets":	604,
				"omitted":	false,
				"sender":	true
			}
		}, {
			"streams":	[{
					"socket":	5,
					"start":	12.00008,
					"end":	13.000104,
					"seconds":	1.0000239610672,
					"bytes":	876040,
					"bits_per_second":	7008152.0771971326,
					"packets":	605,
					"omitted":	false,
					"sender":	true
				}],
			"sum":	{
				"start":	12.00008,
				"end":	13.000104,
				"seconds":	1.0000239610672,
				"bytes":	876040,
				"bits_per_second":	7008152.0771971326,
				"packets":	605,
				"omitted":	false,
				"sender":	true
			}
		}, {
			"streams":	[{
					"socket":	5,
					"start":	13.000104,
					"end":	14.000112,
					"seconds":	1.0000079870224,
					"bytes":	874592,
					"bits_per_second":	6996680.1173591781,
					"packets":	604,
					"omitted":	false,
					"sender":	true
				}],
			"sum":	{
				"start":	13.000104,
				"end":	14.000112,
				"seconds":	1.0000079870224,
				"bytes":	874592,
				"bits_per_second":	6996680.1173591781,
				"packets":	604,
				"omitted":	false,