{
	"start":	{
		"connected":	[{
				"socket":	5,
				"local_host":	"10.0.0.1",
				"local_port":	47729,
				"remote_host":	"10.0.0.3",
				"remote_port":	5201
			}],
		"version":	"iperf 3.16",
		"system_info":	"Linux net 6.8.0-85-generic #85-Ubuntu SMP PREEMPT_DYNAMIC Thu Sep 18 15:26:59 UTC 2025 x86_64",
		"timestamp":	{
			"time":	"Mon, 13 Oct 2025 00:20:35 GMT",
			"timesecs":	1760314835
		},
		"connecting_to":	{
			"host":	"10.0.0.3",
			"port":	5201
		},
		"cookie":	"envjxgjc2qbg2uig7ye55ssltawa4tlqb753",
		"target_bitrate":	7000000,
		"fq_rate":	0,
		"sock_bufsize":	0,
		"sndbuf_actual":	212992,
		"rcvbuf_actual":	212992,
		"test_start":	{
			"protocol":	"UDP",
			"num_streams":	1,
			"blksize":	1448,
			"omit":	0,
			"duration":	30,
			"bytes":	0,
			"blocks":	0,
			"reverse":	0,
			"tos":	0,
			"target_bitrate":	7000000,
			"bidir":	0,
			"fqrate":	0
		}
	},
	"intervals":	[{
			"streams":	[{
					"socket":	5,
					"start":	0,
					"end":	1.000139,
					"seconds":	1.0001389980316162,
					"bytes":	874592,
					"bits_per_second":	6995763.6026295824,
					"packets":	604,
					"omitted":	false,
					"sender":	true
				}],
			"sum":	{
				"start":	0,
				"end":	1.000139,
				"seconds":	1.0001389980316162,
				"bytes":	874592,
				"bits_per_second":	6995763.6026295824,
				"packets":	604,
				"omitted":	false,
				"sender":	true
			}
		}, {
			"streams":	[{
					"socket":	5,
					"start":	1.000139,
					"end":	2.000084,
					"seconds":	0.99994498491287231,
					"bytes":	876040,
					"bits_per_second":	7008705.5845483858,
					"packets":	605,
					"omitted":	false,
					"sender":	true
				}],
			"sum":	{
				"start":	1.000139,
				"end":	2.000084,
				"seconds":	0.99994498491287231,
				"bytes":	876040,
				"bits_per_second":	7008705.5845483858,
				"packets":	605,
				"omitted":	false,
				"sender":	true
			}
		}, {
			"streams":	[{
					"socket":	5,
					"start":	2.000084,
					"end":	3.000084,
					"seconds":	1,
					"bytes":	874592,
					"bits_per_second":	6996736,
					"packets":	604,
					"omitted":	false,
					"sender":	true
				}],
			"sum":	{
				"start":	2.000084,
				"end":	3.000084,
				"seconds":	1,
				"bytes":	874592,
				"bits_per_second":	6996736,
				"packets":	604,
				"omitted":	false,
				"sender":	true
			}
		}, {
			"streams":	[{
					"socket":	5,
					"start":	3.000084,
					"end":	4.000085,
					"seconds":	1.0000009536743164,
					"bytes":	874592,
					"bits_per_second":	6996729.3273989419,
					"packets":	604,
					"omitted":	false,
					"sender":	true
				}],
			"sum":	{
				"start":	3.000084,
				"end":	4.000085,
				"seconds":	1.0000009536743164,
				"bytes":	874592,
				"bits_per_second":	6996729.3273989419,
				"packets":	604,
				"omitted":	false,
				"sender":	true
			}
		}, {
			"streams":	[{
					"socket":	5,
					"start":	4.000085,
					"end":	5.000109,
					"seconds":	1.0000239610672,
					"bytes":	874592,
					"bits_per_second":	6996568.3547554845,
					"packets":	604,
					"omitted":	false,
					"sender":	true
				}],
			"sum":	{
				"start":	4.000085,
				"end":	5.000109,
				"seconds":	1.0000239610672,
				"bytes":	874592,
				"bits_per_second":	6996568.3547554845,
				"packets":	604,
				"omitted":	false,
				"sender":	true
			}
		}, {
			"streams":	[{
					"socket":	5,
					"start":	5.000109,
					"end":	6.001905,
					"seconds":	1.0017960071563721,
					"bytes":	844184,
					"bits_per_second":	6741364.4611840015,
					"packets":	584,
					"omitted":	false,
					"sender":	true
				}],
			"sum":	{
				"start":	5.000109,
				"end":	6.001905,
				"seconds":	1.0017960071563721,
				"bytes":	844184,
				"bits_per_second":	6741364.4611840015,
				"packets":	584,
				"omitted":	false,
				"sender":	true
			}
		}, {
			"streams":	[{
					"socket":	5,
					"start":	6.001905,
					"end":	7.000084,
					"seconds":	0.998179018497467,
					"bytes":	906448,
					"bits_per_second":	7264813.0902567171,
					"packets":	625,
					"omitted":	false,
					"sender":	true
				}],
			"sum":	{
				"start":	6.001905,
				"end":	7.000084,
				"seconds":	0.998179018497467,
				"bytes":	906448,
				"bits_per_second":	7264813.0902567171,
				"packets":	625,
				"omitted":	false,
				"sender":	true
			}
		}, {
			"streams":	[{
					"socket":	5,
					"start":	7.000084,
					"end":	8.000091,
					"seconds":	1.0000070333480835,
					"bytes":	874592,
					"bits_per_second":	6996686.7898663757,
					"packets":	604,
					"omitted":	false,
					"sender":	true
				}],
			"sum":	{
				"start":	7.000084,
				"end":	8.000091,
				"seconds":	1.0000070333480835,
				"bytes":	874592,
				"bits_per_second":	6996686.7898663757,
				"packets":	604,
				"omitted":	false,
				"sender":	true
			}
		}, {
			"streams":	[{
					"socket":	5,
					"start":	8.000091,
					"end":	9.000101,
					"seconds":	1.0000100135803223,
					"bytes":	874592,
					"bits_per_second":	6996665.9383236384,
					"packets":	604,
					"omitted":	false,
					"sender":	true
				}],
			"sum":	{
				"start":	8.000091,
				"end":	9.000101,
				"seconds":	1.0000100135803223,
				"bytes":	874592,
				"bits_per_second":	6996665.9383236384,
				"packets":	604,
				"omitted":	false,
				"sender":	true
			}
		}, {
			"streams":	[{
					"socket":	5,
					"start":	9.000101,
					"end":	10.000108,
					"seconds":	1.0000070333480835,
					"bytes":	876040,
					"bits_per_second":	7008270.7083926443,
					"packets":	605,
					"omitted":	false,
					"sender":	true
				}],
			"sum":	{
				"start":	9.000101,
				"end":	10.000108,
				"seconds":	1.0000070333480835,
				"bytes":	876040,
				"bits_per_second":	7008270.7083926443,
				"packets":	605,
				"omitted":	false,
				"sender":	true
			}
		}, {
			"streams":	[{
					"socket":	5,
					"start":	10.000108,
					"end":	11.00008,
					"seconds":	0.99997198581695557,
					"bytes":	874592,
					"bits_per_second":	6996932.01333417,
					"packets":	604,
					"omitted":	false,
					"sender":	true
				}],
			"sum":	{
				"start":	10.000108,
				"end":	11.00008,
				"seconds":	0.99997198581695557,
				"bytes":	874592,
				"bits_per_second":	6996932.01333417,
				"packets":	604,
				"omitted":	false,
				"sender":	true
			}
		}, {
			"streams":	[{
					"socket":	5,
					"start":	11.00008,
					"end":	12.000095,
					"seconds":	1.0000150203704834,
					"bytes":	874592,
					"bits_per_second":	6996630.9080116265,
					"packets":	604,
					"omitted":	false,
					"sender":	true
				}],
			"sum":	{
				"start":	11.00008,
				"end":	12.000095,
				"seconds":	1.0000150203704834,
				"bytes":	874592,
				"bits_per_second":	6996630.9080116265,
				"packets":	604,
				"omitted":	false,
				"sender":	true
			}
		}, {
			"streams":	[{
					"socket":	5,
					"start":	12.000095,
					"end":	13.000115,
					"seconds":	1.0000200271606445,
					"bytes":	876040,
					"bits_per_second":	7008179.6460604025,
					"packets":	605,
					"omitted":	false,
					"sender":	true
				}],
			"sum":	{
				"start":	12.000095,
				"end":	13.000115,
				"seconds":	1.0000200271606445,
				"bytes":	876040,
				"bits_per_second":	7008179.6460604025,
				"packets":	605,
				"omitted":	false,
				"sender":	true
			}
		}, {
			"streams":	[{
					"socket":	5,
					"start":	13.000115,
					"end":	14.000085,
					"seconds":	0.999970018863678,
					"bytes":	874592,
					"bits_per_second":	6996945.77638516,
					"packets":	604,
					"omitted":	false,
					"sender":	true
				}],
			"sum":	{
				"start":	13.000115,
				"end":	14.000085,
				"seconds":	0.999970018863678,
				"bytes":	874592,
				"bits_per_second":	6996945.77638516,
				"packets":	604,
				"omitted":	false,
				"sender":	true
			}
		}, {
			"streams":	[{
					"socket":	5,
					"start":	14.000085,