{
	"start":	{
		"connected":	[{
				"socket":	5,
				"local_host":	"10.0.0.1",
				"local_port":	42520,
				"remote_host":	"10.0.0.3",
				"remote_port":	5201
			}],
		"version":	"iperf 3.16",
		"system_info":	"Linux net 6.8.0-85-generic #85-Ubuntu SMP PREEMPT_DYNAMIC Thu Sep 18 15:26:59 UTC 2025 x86_64",
		"timestamp":	{
			"time":	"Mon, 13 Oct 2025 00:11:48 GMT",
			"timesecs":	1760314308
		},
		"connecting_to":	{
			"host":	"10.0.0.3",
			"port":	5201
		},
		"cookie":	"fwgkfh6vd6nkrsttitb6ze4zss4ghladqzuf",
		"target_bitrate":	7000000,
		"fq_rate":	0,
		"sock_bufsize":	0,
		"sndbuf_actual":	212992,
		"rcvbuf_actual":	212992,
		"test_start":	{
			"protocol":	"UDP",
			"num_streams":	1,
			"blksize":	1448,
			"omit":	0,
			"duration":	30,
			"bytes":	0,
			"blocks":	0,
			"reverse":	0,
			"tos":	0,
			"target_bitrate":	7000000,
			"bidir":	0,
			"fqrate":	0
		}
	},
	"intervals":	[{
			"streams":	[{
					"socket":	5,
					"start":	0,
					"end":	1.00008,
					"seconds":	1.0000799894332886,
					"bytes":	874592,
					"bits_per_second":	6996176.37981619,
					"packets":	604,
					"omitted":	false,
					"sender":	true
				}],
			"sum":	{
				"start":	0,
				"end":	1.00008,
				"seconds":	1.0000799894332886,
				"bytes":	874592,
				"bits_per_second":	6996176.37981619,
				"packets":	604,
				"omitted":	false,
				"sender":	true
			}
		}, {
			"streams":	[{
					"socket":	5,
					"start":	1.00008,
					"end":	2.000138,
					"seconds":	1.0000580549240112,
					"bytes":	876040,
					"bits_per_second":	7007913.1561342431,
					"packets":	605,
					"omitted":	false,
					"sender":	true
				}],
			"sum":	{
				"start":	1.00008,
				"end":	2.000138,
				"seconds":	1.0000580549240112,
				"bytes":	876040,
				"bits_per_second":	7007913.1561342431,
				"packets":	605,
				"omitted":	false,
				"sender":	true
			}
		}, {
			"streams":	[{
					"socket":	5,
					"start":	2.000138,
					"end":	3.000082,
					"seconds":	0.999943971633911,
					"bytes":	874592,
					"bits_per_second":	6997128.0376512641,
					"packets":	604,
					"omitted":	false,
					"sender":	true
				}],
			"sum":	{
				"start":	2.000138,
				"end":	3.000082,
				"seconds":	0.999943971633911,
				"bytes":	874592,
				"bits_per_second":	6997128.0376512641,
				"packets":	604,
				"omitted":	false,
				"sender":	true
			}
		}, {
			"streams":	[{
					"socket":	5,
					"start":	3.000082,
					"end":	4.000082,
					"seconds":	1,
					"bytes":	874592,
					"bits_per_second":	6996736,
					"packets":	604,
					"omitted":	false,
					"sender":	true
				}],
			"sum":	{
				"start":	3.000082,
				"end":	4.000082,
				"seconds":	1,
				"bytes":	874592,
				"bits_per_second":	6996736,
				"packets":	604,
				"omitted":	false,
				"sender":	true
			}
		}, {
			"streams":	[{
					"socket":	5,
					"start":	4.000082,
					"end":	5.00009,
					"seconds":	1.0000079870224,
					"bytes":	874592,
					"bits_per_second":	6996680.1173591781,
					"packets":	604,
					"omitted":	false,
					"sender":	true
				}],
			"sum":	{
				"start":	4.000082,
				"end":	5.00009,
				"seconds":	1.0000079870224,
				"bytes":	874592,
				"bits_per_second":	6996680.1173591781,
				"packets":	604,
				"omitted":	false,
				"sender":	true
			}
		}, {
			"streams":	[{
					"socket":	5,
					"start":	5.00009,
					"end":	6.000083,
					"seconds":	0.99999302625656128,
					"bytes":	876040,
					"bits_per_second":	7008368.8745664554,
					"packets":	605,
					"omitted":	false,
					"sender":	true
				}],
			"sum":	{
				"start":	5.00009,
				"end":	6.000083,
				"seconds":	0.99999302625656128,
				"bytes":	876040,
				"bits_per_second":	7008368.8745664554,
				"packets":	605,
				"omitted":	false,
				"sender":	true
			}
		}, {
			"streams":	[{
					"socket":	5,
					"start":	6.000083,
					"end":	7.000147,
					"seconds":	1.0000640153884888,
					"bytes":	874592,
					"bits_per_second":	6996288.1298973849,
					"packets":	604,
					"omitted":	false,
					"sender":	true
				}],
			"sum":	{
				"start":	6.000083,
				"end":	7.000147,
				"seconds":	1.0000640153884888,
				"bytes":	874592,
				"bits_per_second":	6996288.1298973849,
				"packets":	604,
				"omitted":	false,
				"sender":	true
			}
		}, {
			"streams":	[{
					"socket":	5,
					"start":	7.000147,
					"end":	8.000085,
					"seconds":	0.99993801116943359,
					"bytes":	874592,
					"bits_per_second":	6997169.7463698518,
					"packets":	604,
					"omitted":	false,
					"sender":	true
				}],
			"sum":	{
				"start":	7.000147,
				"end":	8.000085,
				"seconds":	0.99993801116943359,
				"bytes":	874592,
				"bits_per_second":	6997169.7463698518,
				"packets":	604,
				"omitted":	false,
				"sender":	true
			}
		}, {
			"streams":	[{
					"socket":	5,
					"start":	8.000085,
					"end":	9.000129,
					"seconds":	1.0000439882278442,
					"bytes":	876040,
					"bits_per_second":	7008011.729983286,
					"packets":	605,
					"omitted":	false,
					"sender":	true
				}],
			"sum":	{
				"start":	8.000085,
				"end":	9.000129,
				"seconds":	1.0000439882278442,
				"bytes":	876040,
				"bits_per_second":	7008011.729983286,
				"packets":	605,
				"omitted":	false,
				"sender":	true
			}
		}, {
			"streams":	[{
					"socket":	5,
					"start":	9.000129,
					"end":	10.000104,
					"seconds":	0.999975025653839,
					"bytes":	874592,
					"bits_per_second":	6996910.74327096,
					"packets":	604,
					"omitted":	false,
					"sender":	true
				}],
			"sum":	{
				"start":	9.000129,
				"end":	10.000104,
				"seconds":	0.999975025653839,
				"bytes":	874592,
				"bits_per_second":	6996910.74327096,
				"packets":	604,
				"omitted":	false,
				"sender":	true
			}
		}, {
			"streams":	[{
					"socket":	5,
					"start":	10.000104,
					"end":	11.00008,
					"seconds":	0.99997597932815552,
					"bytes":	874592,
					"bits_per_second":	6996904.0703366,
					"packets":	604,
					"omitted":	false,
					"sender":	true
				}],
			"sum":	{
				"start":	10.000104,
				"end":	11.00008,
				"seconds":	0.99997597932815552,
				"bytes":	874592,
				"bits_per_second":	6996904.0703366,
				"packets":	604,
				"omitted":	false,
				"sender":	true
			}
		}, {
			"streams":	[{
					"socket":	5,
					"start":	11.00008,
					"end":	12.000083,
					"seconds":	1.0000029802322388,
					"bytes":	874592,
					"bits_per_second":	6996715.14816395,
					"packets":	604,
					"omitted":	false,
					"sender":	true
				}],
			"sum":	{
				"start":	11.00008,
				"end":	12.000083,
				"seconds":	1.0000029802322388,
				"bytes":	874592,
				"bits_per_second":	6996715.14816395,
				"packets":	604,
				"omitted":	false,
				"sender":	true
			}
		}, {
			"streams":	[{
					"socket":	5,
					"start":	12.000083,
					"end":	13.000088,
					"seconds":	1.0000050067901611,
					"bytes":	876040,
					"bits_per_second":	7008284.9109880617,
					"packets":	605,
					"omitted":	false,
					"sender":	true
				}],
			"sum":	{
				"start":	12.000083,
				"end":	13.000088,
				"seconds":	1.0000050067901611,
				"bytes":	876040,
				"bits_per_second":	7008284.9109880617,
				"packets":	605,
				"omitted":	false,
				"sender":	true
			}
		}, {
			"streams":	[{
					"socket":	5,
					"start":	13.000088,
					"end":	14.000084,
					"seconds":	0.9999960064888,
					"bytes":	874592,
					"bits_per_second":	6996763.9416551646,
					"packets":	604,
					"omitted":	false,
					"sender":	true
				}],
			"sum":	{
				"start":	13.000088,
				"end":	14.000084,
				"seconds":	0.9999960064888,
				"bytes":	874592,
				"bits_per_second":	6996763.9416551646,
				"packets":	604,
				"omitted":	false,
				"sender":	true
			}
		}, {
			"streams":	[{
					"socket":	5,
					"start":	14.000084,
					"end":	15.000083,