{
	"start":	{
		"connected":	[{
				"socket":	5,
				"local_host":	"10.0.0.1",
				"local_port":	47499,
				"remote_host":	"10.0.0.3",
				"remote_port":	5201
			}],
		"version":	"iperf 3.16",
		"system_info":	"Linux net 6.8.0-85-generic #85-Ubuntu SMP PREEMPT_DYNAMIC Thu Sep 18 15:26:59 UTC 2025 x86_64",
		"timestamp":	{
			"time":	"Mon, 13 Oct 2025 00:38:46 GMT",
			"timesecs":	1760315926
		},
		"connecting_to":	{
			"host":	"10.0.0.3",
			"port":	5201
		},
		"cookie":	"fcajhoabukicszcubyj3jagdpwbbpxujpjil",
		"target_bitrate":	7000000,
		"fq_rate":	0,
		"sock_bufsize":	0,
		"sndbuf_actual":	212992,
		"rcvbuf_actual":	212992,
		"test_start":	{
			"protocol":	"UDP",
			"num_streams":	1,
			"blksize":	1448,
			"omit":	0,
			"duration":	30,
			"bytes":	0,
			"blocks":	0,
			"reverse":	0,
			"tos":	0,
			"target_bitrate":	7000000,
			"bidir":	0,
			"fqrate":	0
		}
	},
	"intervals":	[{
			"streams":	[{
					"socket":	5,
					"start":	0,
					"end":	1.000084,
					"seconds":	1.0000840425491333,
					"bytes":	874592,
					"bits_per_second":	6996148.02588579,
					"packets":	604,
					"omitted":	false,
					"sender":	true
				}],
			"sum":	{
				"start":	0,
				"end":	1.000084,
				"seconds":	1.0000840425491333,
				"bytes":	874592,
				"bits_per_second":	6996148.02588579,
				"packets":	604,
				"omitted":	false,
				"sender":	true
			}
		}, {
			"streams":	[{
					"socket":	5,
					"start":	1.000084,
					"end":	2.000099,
					"seconds":	1.0000150203704834,
					"bytes":	876040,
					"bits_per_second":	7008214.7340182681,
					"packets":	605,
					"omitted":	false,
					"sender":	true
				}],
			"sum":	{
				"start":	1.000084,
				"end":	2.000099,
				"seconds":	1.0000150203704834,
				"bytes":	876040,
				"bits_per_second":	7008214.7340182681,
				"packets":	605,
				"omitted":	false,
				"sender":	true
			}
		}, {
			"streams":	[{
					"socket":	5,
					"start":	2.000099,
					"end":	3.000079,
					"seconds":	0.99997997283935547,
					"bytes":	874592,
					"bits_per_second":	6996876.1275622165,
					"packets":	604,
					"omitted":	false,
					"sender":	true
				}],
			"sum":	{
				"start":	2.000099,
				"end":	3.000079,
				"seconds":	0.99997997283935547,
				"bytes":	874592,
				"bits_per_second":	6996876.1275622165,
				"packets":	604,
				"omitted":	false,
				"sender":	true
			}
		}, {
			"streams":	[{
					"socket":	5,
					"start":	3.000079,
					"end":	4.000089,
					"seconds":	1.0000100135803223,
					"bytes":	874592,
					"bits_per_second":	6996665.9383236384,
					"packets":	604,
					"omitted":	false,
					"sender":	true
				}],
			"sum":	{
				"start":	3.000079,
				"end":	4.000089,
				"seconds":	1.0000100135803223,
				"bytes":	874592,
				"bits_per_second":	6996665.9383236384,
				"packets":	604,
				"omitted":	false,
				"sender":	true
			}
		}, {
			"streams":	[{
					"socket":	5,
					"start":	4.000089,
					"end":	5.00008,
					"seconds":	0.999990999698639,
					"bytes":	874592,
					"bits_per_second":	6996798.9732993226,
					"packets":	604,
					"omitted":	false,
					"sender":	true
				}],
			"sum":	{
				"start":	4.000089,
				"end":	5.00008,
				"seconds":	0.999990999698639,
				"bytes":	874592,
				"bits_per_second":	6996798.9732993226,
				"packets":	604,
				"omitted":	false,
				"sender":	true
			}
		}, {
			"streams":	[{
					"socket":	5,
					"start":	5.00008,
					"end":	6.000101,
					"seconds":	1.0000209808349609,
					"bytes":	876040,
					"bits_per_second":	7008172.9626796925,
					"packets":	605,
					"omitted":	false,
					"sender":	true
				}],
			"sum":	{
				"start":	5.00008,
				"end":	6.000101,
				"seconds":	1.0000209808349609,
				"bytes":	876040,
				"bits_per_second":	7008172.9626796925,
				"packets":	605,
				"omitted":	false,
				"sender":	true
			}
		}, {
			"streams":	[{
					"socket":	5,
					"start":	6.000101,
					"end":	7.000082,
					"seconds":	0.99998098611831665,
					"bytes":	874592,
					"bits_per_second":	6996869.0376400352,
					"packets":	604,
					"omitted":	false,
					"sender":	true
				}],
			"sum":	{
				"start":	6.000101,
				"end":	7.000082,
				"seconds":	0.99998098611831665,
				"bytes":	874592,
				"bits_per_second":	6996869.0376400352,
				"packets":	604,
				"omitted":	false,
				"sender":	true
			}
		}, {
			"streams":	[{
					"socket":	5,
					"start":	7.000082,
					"end":	8.000106,
					"seconds":	1.0000239610672,
					"bytes":	874592,
					"bits_per_second":	6996568.3547554845,
					"packets":	604,
					"omitted":	false,
					"sender":	true
				}],
			"sum":	{
				"start":	7.000082,
				"end":	8.000106,
				"seconds":	1.0000239610672,
				"bytes":	874592,
				"bits_per_second":	6996568.3547554845,
				"packets":	604,
				"omitted":	false,
				"sender":	true
			}
		}, {
			"streams":	[{
					"socket":	5,
					"start":	8.000106,
					"end":	9.000087,
					"seconds":	0.99998098611831665,
					"bytes":	874592,
					"bits_per_second":	6996869.0376400352,
					"packets":	604,
					"omitted":	false,
					"sender":	true
				}],
			"sum":	{
				"start":	8.000106,
				"end":	9.000087,
				"seconds":	0.99998098611831665,
				"bytes":	874592,
				"bits_per_second":	6996869.0376400352,
				"packets":	604,
				"omitted":	false,
				"sender":	true
			}
		}, {
			"streams":	[{
					"socket":	5,
					"start":	9.000087,
					"end":	10.000086,
					"seconds":	0.99999898672103882,
					"bytes":	876040,
					"bits_per_second":	7008327.1013904046,
					"packets":	605,
					"omitted":	false,
					"sender":	true
				}],
			"sum":	{
				"start":	9.000087,
				"end":	10.000086,
				"seconds":	0.99999898672103882,
				"bytes":	876040,
				"bits_per_second":	7008327.1013904046,
				"packets":	605,
				"omitted":	false,
				"sender":	true
			}
		}, {
			"streams":	[{
					"socket":	5,
					"start":	10.000086,
					"end":	11.000088,
					"seconds":	1.0000020265579224,
					"bytes":	874592,
					"bits_per_second":	6996721.8207379635,
					"packets":	604,
					"omitted":	false,
					"sender":	true
				}],
			"sum":	{
				"start":	10.000086,
				"end":	11.000088,
				"seconds":	1.0000020265579224,
				"bytes":	874592,
				"bits_per_second":	6996721.8207379635,
				"packets":	604,
				"omitted":	false,
				"sender":	true
			}
		}, {
			"streams":	[{
					"socket":	5,
					"start":	11.000088,
					"end":	12.000106,
					"seconds":	1.0000180006027222,
					"bytes":	874592,
					"bits_per_second":	6996610.0568019655,
					"packets":	604,
					"omitted":	false,
					"sender":	true
				}],
			"sum":	{
				"start":	11.000088,
				"end":	12.000106,
				"seconds":	1.0000180006027222,
				"bytes":	874592,
				"bits_per_second":	6996610.0568019655,
				"packets":	604,
				"omitted":	false,
				"sender":	true
			}
		}, {
			"streams":	[{
					"socket":	5,
					"start":	12.000106,
					"end":	13.000085,
					"seconds":	0.999979019165039,
					"bytes":	876040,
					"bits_per_second":	7008467.04349037,
					"packets":	605,
					"omitted":	false,
					"sender":	true
				}],
			"sum":	{
				"start":	12.000106,
				"end":	13.000085,
				"seconds":	0.999979019165039,
				"bytes":	876040,
				"bits_per_second":	7008467.04349037,
				"packets":	605,
				"omitted":	false,
				"sender":	true
			}
		}, {
			"streams":	[{
					"socket":	5,
					"start":	13.000085,
					"end":	14.000089,
					"seconds":	1.0000040531158447,
					"bytes":	874592,
					"bits_per_second":	6996707.6415333971,
					"packets":	604,
					"omitted":	false,
					"sender":	true
				}],
			"sum":	{
				"start":	13.000085,
				"end":	14.000089,
				"seconds":	1.0000040531158447,
				"bytes":	874592,
				"bits_per_second":	6996707.6415333971,
				"packets":	604,
				"omitted":	false,