{
	"start":	{
		"connected":	[{
				"socket":	5,
				"local_host":	"10.0.0.1",
				"local_port":	34441,
				"remote_host":	"10.0.0.3",
				"remote_port":	5201
			}],
		"version":	"iperf 3.16",
		"system_info":	"Linux net 6.8.0-85-generic #85-Ubuntu SMP PREEMPT_DYNAMIC Thu Sep 18 15:26:59 UTC 2025 x86_64",
		"timestamp":	{
			"time":	"Mon, 13 Oct 2025 00:41:00 GMT",
			"timesecs":	1760316060
		},
		"connecting_to":	{
			"host":	"10.0.0.3",
			"port":	5201
		},
		"cookie":	"k63l5x3cnab7grsr6izq2jhxium3nb3hbxzx",
		"target_bitrate":	7000000,
		"fq_rate":	0,
		"sock_bufsize":	0,
		"sndbuf_actual":	212992,
		"rcvbuf_actual":	212992,
		"test_start":	{
			"protocol":	"UDP",
			"num_streams":	1,
			"blksize":	1448,
			"omit":	0,
			"duration":	30,
			"bytes":	0,
			"blocks":	0,
			"reverse":	0,
			"tos":	0,
			"target_bitrate":	7000000,
			"bidir":	0,
			"fqrate":	0
		}
	},
	"intervals":	[{
			"streams":	[{
					"socket":	5,
					"start":	0,
					"end":	1.000092,
					"seconds":	1.0000920295715332,
					"bytes":	874592,
					"bits_per_second":	6996092.152636786,
					"packets":	604,
					"omitted":	false,
					"sender":	true
				}],
			"sum":	{
				"start":	0,
				"end":	1.000092,
				"seconds":	1.0000920295715332,
				"bytes":	874592,
				"bits_per_second":	6996092.152636786,
				"packets":	604,
				"omitted":	false,
				"sender":	true
			}
		}, {
			"streams":	[{
					"socket":	5,
					"start":	1.000092,
					"end":	2.000107,
					"seconds":	1.0000150203704834,
					"bytes":	876040,
					"bits_per_second":	7008214.7340182681,
					"packets":	605,
					"omitted":	false,
					"sender":	true
				}],
			"sum":	{
				"start":	1.000092,
				"end":	2.000107,
				"seconds":	1.0000150203704834,
				"bytes":	876040,
				"bits_per_second":	7008214.7340182681,
				"packets":	605,
				"omitted":	false,
				"sender":	true
			}
		}, {
			"streams":	[{
					"socket":	5,
					"start":	2.000107,
					"end":	3.000088,
					"seconds":	0.99998098611831665,
					"bytes":	874592,
					"bits_per_second":	6996869.0376400352,
					"packets":	604,
					"omitted":	false,
					"sender":	true
				}],
			"sum":	{
				"start":	2.000107,
				"end":	3.000088,
				"seconds":	0.99998098611831665,
				"bytes":	874592,
				"bits_per_second":	6996869.0376400352,
				"packets":	604,
				"omitted":	false,
				"sender":	true
			}
		}, {
			"streams":	[{
					"socket":	5,
					"start":	3.000088,
					"end":	4.00009,
					"seconds":	1.0000020265579224,
					"bytes":	874592,
					"bits_per_second":	6996721.8207379635,
					"packets":	604,
					"omitted":	false,
					"sender":	true
				}],
			"sum":	{
				"start":	3.000088,
				"end":	4.00009,
				"seconds":	1.0000020265579224,
				"bytes":	874592,
				"bits_per_second":	6996721.8207379635,
				"packets":	604,
				"omitted":	false,
				"sender":	true
			}
		}, {
			"streams":	[{
					"socket":	5,
					"start":	4.00009,
					"end":	5.000087,
					"seconds":	0.99999701976776123,
					"bytes":	874592,
					"bits_per_second":	6996756.8519603368,
					"packets":	604,
					"omitted":	false,
					"sender":	true
				}],
			"sum":	{
				"start":	4.00009,
				"end":	5.000087,
				"seconds":	0.99999701976776123,
				"bytes":	874592,
				"bits_per_second":	6996756.8519603368,
				"packets":	604,
				"omitted":	false,
				"sender":	true
			}
		}, {
			"streams":	[{
					"socket":	5,
					"start":	5.000087,
					"end":	6.000084,
					"seconds":	0.99999701976776123,
					"bytes":	876040,
					"bits_per_second":	7008340.88648345,
					"packets":	605,
					"omitted":	false,
					"sender":	true
				}],
			"sum":	{
				"start":	5.000087,
				"end":	6.000084,
				"seconds":	0.99999701976776123,
				"bytes":	876040,
				"bits_per_second":	7008340.88648345,
				"packets":	605,
				"omitted":	false,
				"sender":	true
			}
		}, {
			"streams":	[{
					"socket":	5,
					"start":	6.000084,
					"end":	7.000084,
					"seconds":	1,
					"bytes":	874592,
					"bits_per_second":	6996736,
					"packets":	604,
					"omitted":	false,
					"sender":	true
				}],
			"sum":	{
				"start":	6.000084,
				"end":	7.000084,
				"seconds":	1,
				"bytes":	874592,
				"bits_per_second":	6996736,
				"packets":	604,
				"omitted":	false,
				"sender":	true
			}
		}, {
			"streams":	[{
					"socket":	5,
					"start":	7.000084,
					"end":	8.000085,
					"seconds":	1.0000009536743164,
					"bytes":	874592,
					"bits_per_second":	6996729.3273989419,
					"packets":	604,
					"omitted":	false,
					"sender":	true
				}],
			"sum":	{
				"start":	7.000084,
				"end":	8.000085,
				"seconds":	1.0000009536743164,
				"bytes":	874592,
				"bits_per_second":	6996729.3273989419,
				"packets":	604,
				"omitted":	false,
				"sender":	true
			}
		}, {
			"streams":	[{
					"socket":	5,
					"start":	8.000085,
					"end":	9.000086,
					"seconds":	1.0000009536743164,
					"bytes":	874592,
					"bits_per_second":	6996729.3273989419,
					"packets":	604,
					"omitted":	false,
					"sender":	true
				}],
			"sum":	{
				"start":	8.000085,
				"end":	9.000086,
				"seconds":	1.0000009536743164,
				"bytes":	874592,
				"bits_per_second":	6996729.3273989419,
				"packets":	604,
				"omitted":	false,
				"sender":	true
			}
		}, {
			"streams":	[{
					"socket":	5,
					"start":	9.000086,
					"end":	10.000085,
					"seconds":	0.99999898672103882,
					"bytes":	876040,
					"bits_per_second":	7008327.1013904046,
					"packets":	605,
					"omitted":	false,
					"sender":	true
				}],
			"sum":	{
				"start":	9.000086,
				"end":	10.000085,
				"seconds":	0.99999898672103882,
				"bytes":	876040,
				"bits_per_second":	7008327.1013904046,
				"packets":	605,
				"omitted":	false,
				"sender":	true
			}
		}, {
			"streams":	[{
					"socket":	5,
					"start":	10.000085,
					"end":	11.000093,
					"seconds":	1.0000079870224,
					"bytes":	874592,
					"bits_per_second":	6996680.1173591781,
					"packets":	604,
					"omitted":	false,
					"sender":	true
				}],
			"sum":	{
				"start":	10.000085,
				"end":	11.000093,
				"seconds":	1.0000079870224,
				"bytes":	874592,
				"bits_per_second":	6996680.1173591781,
				"packets":	604,
				"omitted":	false,
				"sender":	true
			}
		}, {
			"streams":	[{
					"socket":	5,
					"start":	11.000093,
					"end":	12.000107,
					"seconds":	1.0000139474868774,
					"bytes":	874592,
					"bits_per_second":	6996638.4144775281,
					"packets":	604,
					"omitted":	false,
					"sender":	true
				}],
			"sum":	{
				"start":	11.000093,
				"end":	12.000107,
				"seconds":	1.0000139474868774,
				"bytes":	874592,
				"bits_per_second":	6996638.4144775281,
				"packets":	604,
				"omitted":	false,
				"sender":	true
			}
		}, {
			"streams":	[{
					"socket":	5,
					"start":	12.000107,
					"end":	13.000086,
					"seconds":	0.999979019165039,
					"bytes":	876040,
					"bits_per_second":	7008467.04349037,
					"packets":	605,
					"omitted":	false,
					"sender":	true
				}],
			"sum":	{
				"start":	12.000107,
				"end":	13.000086,
				"seconds":	0.999979019165039,
				"bytes":	876040,
				"bits_per_second":	7008467.04349037,
				"packets":	605,
				"omitted":	false,
				"sender":	true
			}
		}, {
			"streams":	[{
					"socket":	5,
					"start":	13.000086,
					"end":	14.000092,
					"seconds":	1.0000059604644775,
					"bytes":	874592,
					"bits_per_second":	6996694.2964521861,
					"packets":	604,
					"omitted":	false,
					"sender":	true
				}],
			"sum":	{
				"start":	13.000086,
				"end":	14.000092,
				"seconds":	1.0000059604644775,
				"bytes":	874592,
				"bits_per_second":	6996694.2964521861,
				"packets":	604,
				"omitted":	false,
				"sender":	true
			}
		}, {
			"streams":	[{
					"socket":	5,