{
	"start":	{
		"connected":	[{
				"socket":	5,
				"local_host":	"10.0.0.1",
				"local_port":	33021,
				"remote_host":	"10.0.0.3",
				"remote_port":	5201
			}],
		"version":	"iperf 3.16",
		"system_info":	"Linux net 6.8.0-85-generic #85-Ubuntu SMP PREEMPT_DYNAMIC Thu Sep 18 15:26:59 UTC 2025 x86_64",
		"timestamp":	{
			"time":	"Mon, 13 Oct 2025 00:03:31 GMT",
			"timesecs":	1760313811
		},
		"connecting_to":	{
			"host":	"10.0.0.3",
			"port":	5201
		},
		"cookie":	"tnjmjb5gdagkf6emuocvtmygizcak7ihmtb7",
		"target_bitrate":	7000000,
		"fq_rate":	0,
		"sock_bufsize":	0,
		"sndbuf_actual":	212992,
		"rcvbuf_actual":	212992,
		"test_start":	{
			"protocol":	"UDP",
			"num_streams":	1,
			"blksize":	1448,
			"omit":	0,
			"duration":	30,
			"bytes":	0,
			"blocks":	0,
			"reverse":	0,
			"tos":	0,
			"target_bitrate":	7000000,
			"bidir":	0,
			"fqrate":	0
		}
	},
	"intervals":	[{
			"streams":	[{
					"socket":	5,
					"start":	0,
					"end":	1.000089,
					"seconds":	1.0000890493392944,
					"bytes":	874592,
					"bits_per_second":	6996113.0007596528,
					"packets":	604,
					"omitted":	false,
					"sender":	true
				}],
			"sum":	{
				"start":	0,
				"end":	1.000089,
				"seconds":	1.0000890493392944,
				"bytes":	874592,
				"bits_per_second":	6996113.0007596528,
				"packets":	604,
				"omitted":	false,
				"sender":	true
			}
		}, {
			"streams":	[{
					"socket":	5,
					"start":	1.000089,
					"end":	2.000083,
					"seconds":	0.99999397993087769,
					"bytes":	876040,
					"bits_per_second":	7008362.1908248225,
					"packets":	605,
					"omitted":	false,
					"sender":	true
				}],
			"sum":	{
				"start":	1.000089,
				"end":	2.000083,
				"seconds":	0.99999397993087769,
				"bytes":	876040,
				"bits_per_second":	7008362.1908248225,
				"packets":	605,
				"omitted":	false,
				"sender":	true
			}
		}, {
			"streams":	[{
					"socket":	5,
					"start":	2.000083,
					"end":	3.000084,
					"seconds":	1.0000009536743164,
					"bytes":	874592,
					"bits_per_second":	6996729.3273989419,
					"packets":	604,
					"omitted":	false,
					"sender":	true
				}],
			"sum":	{
				"start":	2.000083,
				"end":	3.000084,
				"seconds":	1.0000009536743164,
				"bytes":	874592,
				"bits_per_second":	6996729.3273989419,
				"packets":	604,
				"omitted":	false,
				"sender":	true
			}
		}, {
			"streams":	[{
					"socket":	5,
					"start":	3.000084,
					"end":	4.000142,
					"seconds":	1.0000580549240112,
					"bytes":	874592,
					"bits_per_second":	6996329.8286034428,
					"packets":	604,
					"omitted":	false,
					"sender":	true
				}],
			"sum":	{
				"start":	3.000084,
				"end":	4.000142,
				"seconds":	1.0000580549240112,
				"bytes":	874592,
				"bits_per_second":	6996329.8286034428,
				"packets":	604,
				"omitted":	false,
				"sender":	true
			}
		}, {
			"streams":	[{
					"socket":	5,
					"start":	4.000142,
					"end":	5.000084,
					"seconds":	0.99994200468063354,
					"bytes":	874592,
					"bits_per_second":	6997141.8014734285,
					"packets":	604,
					"omitted":	false,
					"sender":	true
				}],
			"sum":	{
				"start":	4.000142,
				"end":	5.000084,
				"seconds":	0.99994200468063354,
				"bytes":	874592,
				"bits_per_second":	6997141.8014734285,
				"packets":	604,
				"omitted":	false,
				"sender":	true
			}
		}, {
			"streams":	[{
					"socket":	5,
					"start":	5.000084,
					"end":	6.000085,
					"seconds":	1.0000009536743164,
					"bytes":	876040,
					"bits_per_second":	7008313.31635159,
					"packets":	605,
					"omitted":	false,
					"sender":	true
				}],
			"sum":	{
				"start":	5.000084,
				"end":	6.000085,
				"seconds":	1.0000009536743164,
				"bytes":	876040,
				"bits_per_second":	7008313.31635159,
				"packets":	605,
				"omitted":	false,
				"sender":	true
			}
		}, {
			"streams":	[{
					"socket":	5,
					"start":	6.000085,
					"end":	7.000104,
					"seconds":	1.0000189542770386,
					"bytes":	874592,
					"bits_per_second":	6996603.3844411224,
					"packets":	604,
					"omitted":	false,
					"sender":	true
				}],
			"sum":	{
				"start":	6.000085,
				"end":	7.000104,
				"seconds":	1.0000189542770386,
				"bytes":	874592,
				"bits_per_second":	6996603.3844411224,
				"packets":	604,
				"omitted":	false,
				"sender":	true
			}
		}, {
			"streams":	[{
					"socket":	5,
					"start":	7.000104,
					"end":	8.000085,
					"seconds":	0.99998098611831665,
					"bytes":	874592,
					"bits_per_second":	6996869.0376400352,
					"packets":	604,
					"omitted":	false,
					"sender":	true
				}],
			"sum":	{
				"start":	7.000104,
				"end":	8.000085,
				"seconds":	0.99998098611831665,
				"bytes":	874592,
				"bits_per_second":	6996869.0376400352,
				"packets":	604,
				"omitted":	false,
				"sender":	true
			}
		}, {
			"streams":	[{
					"socket":	5,
					"start":	8.000085,
					"end":	9.000086,
					"seconds":	1.0000009536743164,
					"bytes":	874592,
					"bits_per_second":	6996729.3273989419,
					"packets":	604,
					"omitted":	false,
					"sender":	true
				}],
			"sum":	{
				"start":	8.000085,
				"end":	9.000086,
				"seconds":	1.0000009536743164,
				"bytes":	874592,
				"bits_per_second":	6996729.3273989419,
				"packets":	604,
				"omitted":	false,
				"sender":	true
			}
		}, {
			"streams":	[{
					"socket":	5,
					"start":	9.000086,
					"end":	10.000105,
					"seconds":	1.0000189542770386,
					"bytes":	876040,
					"bits_per_second":	7008187.1648789383,
					"packets":	605,
					"omitted":	false,
					"sender":	true
				}],
			"sum":	{
				"start":	9.000086,
				"end":	10.000105,
				"seconds":	1.0000189542770386,
				"bytes":	876040,
				"bits_per_second":	7008187.1648789383,
				"packets":	605,
				"omitted":	false,
				"sender":	true
			}
		}, {
			"streams":	[{
					"socket":	5,
					"start":	10.000105,
					"end":	11.000108,
					"seconds":	1.0000029802322388,
					"bytes":	874592,
					"bits_per_second":	6996715.14816395,
					"packets":	604,
					"omitted":	false,
					"sender":	true
				}],
			"sum":	{
				"start":	10.000105,
				"end":	11.000108,
				"seconds":	1.0000029802322388,
				"bytes":	874592,
				"bits_per_second":	6996715.14816395,
				"packets":	604,
				"omitted":	false,
				"sender":	true
			}
		}, {
			"streams":	[{
					"socket":	5,
					"start":	11.000108,
					"end":	12.000083,
					"seconds":	0.999975025653839,
					"bytes":	874592,
					"bits_per_second":	6996910.74327096,
					"packets":	604,
					"omitted":	false,
					"sender":	true
				}],
			"sum":	{
				"start":	11.000108,
				"end":	12.000083,
				"seconds":	0.999975025653839,
				"bytes":	874592,
				"bits_per_second":	6996910.74327096,
				"packets":	604,
				"omitted":	false,
				"sender":	true
			}
		}, {
			"streams":	[{
					"socket":	5,
					"start":	12.000083,
					"end":	13.000089,
					"seconds":	1.0000059604644775,
					"bytes":	876040,
					"bits_per_second":	7008278.2274065772,
					"packets":	605,
					"omitted":	false,
					"sender":	true
				}],
			"sum":	{
				"start":	12.000083,
				"end":	13.000089,
				"seconds":	1.0000059604644775,
				"bytes":	876040,
				"bits_per_second":	7008278.2274065772,
				"packets":	605,
				"omitted":	false,
				"sender":	true
			}
		}, {
			"streams":	[{
					"socket":	5,
					"start":	13.000089,
					"end":	14.000084,
					"seconds":	0.999994993209839,
					"bytes":	874592,
					"bits_per_second":	6996771.03136436,
					"packets":	604,
					"omitted":	false,
					"sender":	true
				}],
			"sum":	{
				"start":	13.000089,
				"end":	14.000084,
				"seconds":	0.999994993209839,
				"bytes":	874592,
				"bits_per_second":	6996771.03136436,
				"packets":	604,
				"omitted":	false,