{
	"start":	{
		"connected":	[{
				"socket":	5,
				"local_host":	"10.0.0.1",
				"local_port":	58162,
				"remote_host":	"10.0.0.3",
				"remote_port":	5201
			}],
		"version":	"iperf 3.16",
		"system_info":	"Linux net 6.8.0-85-generic #85-Ubuntu SMP PREEMPT_DYNAMIC Thu Sep 18 15:26:59 UTC 2025 x86_64",
		"timestamp":	{
			"time":	"Mon, 13 Oct 2025 00:31:06 GMT",
			"timesecs":	1760315466
		},
		"connecting_to":	{
			"host":	"10.0.0.3",
			"port":	5201
		},
		"cookie":	"cp6we5f5jdypelhcei4p6gookqqdy7dpzegj",
		"target_bitrate":	7000000,
		"fq_rate":	0,
		"sock_bufsize":	0,
		"sndbuf_actual":	212992,
		"rcvbuf_actual":	212992,
		"test_start":	{
			"protocol":	"UDP",
			"num_streams":	1,
			"blksize":	1448,
			"omit":	0,
			"duration":	30,
			"bytes":	0,
			"blocks":	0,
			"reverse":	0,
			"tos":	0,
			"target_bitrate":	7000000,
			"bidir":	0,
			"fqrate":	0
		}
	},
	"intervals":	[{
			"streams":	[{
					"socket":	5,
					"start":	0,
					"end":	1.000086,
					"seconds":	1.0000859498977661,
					"bytes":	874592,
					"bits_per_second":	6996134.6829392435,
					"packets":	604,
					"omitted":	false,
					"sender":	true
				}],
			"sum":	{
				"start":	0,
				"end":	1.000086,
				"seconds":	1.0000859498977661,
				"bytes":	874592,
				"bits_per_second":	6996134.6829392435,
				"packets":	604,
				"omitted":	false,
				"sender":	true
			}
		}, {
			"streams":	[{
					"socket":	5,
					"start":	1.000086,
					"end":	2.000148,
					"seconds":	1.0000619888305664,
					"bytes":	876040,
					"bits_per_second":	7007885.5893675722,
					"packets":	605,
					"omitted":	false,
					"sender":	true
				}],
			"sum":	{
				"start":	1.000086,
				"end":	2.000148,
				"seconds":	1.0000619888305664,
				"bytes":	876040,
				"bits_per_second":	7007885.5893675722,
				"packets":	605,
				"omitted":	false,
				"sender":	true
			}
		}, {
			"streams":	[{
					"socket":	5,
					"start":	2.000148,
					"end":	3.000134,
					"seconds":	0.99998599290847778,
					"bytes":	874592,
					"bits_per_second":	6996834.0052942783,
					"packets":	604,
					"omitted":	false,
					"sender":	true
				}],
			"sum":	{
				"start":	2.000148,
				"end":	3.000134,
				"seconds":	0.99998599290847778,
				"bytes":	874592,
				"bits_per_second":	6996834.0052942783,
				"packets":	604,
				"omitted":	false,
				"sender":	true
			}
		}, {
			"streams":	[{
					"socket":	5,
					"start":	3.000134,
					"end":	4.000114,
					"seconds":	0.99997997283935547,
					"bytes":	874592,
					"bits_per_second":	6996876.1275622165,
					"packets":	604,
					"omitted":	false,
					"sender":	true
				}],
			"sum":	{
				"start":	3.000134,
				"end":	4.000114,
				"seconds":	0.99997997283935547,
				"bytes":	874592,
				"bits_per_second":	6996876.1275622165,
				"packets":	604,
				"omitted":	false,
				"sender":	true
			}
		}, {
			"streams":	[{
					"socket":	5,
					"start":	4.000114,
					"end":	5.000085,
					"seconds":	0.99997097253799438,
					"bytes":	874592,
					"bits_per_second":	6996939.10338398,
					"packets":	604,
					"omitted":	false,
					"sender":	true
				}],
			"sum":	{
				"start":	4.000114,
				"end":	5.000085,
				"seconds":	0.99997097253799438,
				"bytes":	874592,
				"bits_per_second":	6996939.10338398,
				"packets":	604,
				"omitted":	false,
				"sender":	true
			}
		}, {
			"streams":	[{
					"socket":	5,
					"start":	5.000085,
					"end":	6.000104,
					"seconds":	1.0000189542770386,
					"bytes":	876040,
					"bits_per_second":	7008187.1648789383,
					"packets":	605,
					"omitted":	false,
					"sender":	true
				}],
			"sum":	{
				"start":	5.000085,
				"end":	6.000104,
				"seconds":	1.0000189542770386,
				"bytes":	876040,
				"bits_per_second":	7008187.1648789383,
				"packets":	605,
				"omitted":	false,
				"sender":	true
			}
		}, {
			"streams":	[{
					"socket":	5,
					"start":	6.000104,
					"end":	7.000107,
					"seconds":	1.0000029802322388,
					"bytes":	874592,
					"bits_per_second":	6996715.14816395,
					"packets":	604,
					"omitted":	false,
					"sender":	true
				}],
			"sum":	{
				"start":	6.000104,
				"end":	7.000107,
				"seconds":	1.0000029802322388,
				"bytes":	874592,
				"bits_per_second":	6996715.14816395,
				"packets":	604,
				"omitted":	false,
				"sender":	true
			}
		}, {
			"streams":	[{
					"socket":	5,
					"start":	7.000107,
					"end":	8.000092,
					"seconds":	0.9999849796295166,
					"bytes":	874592,
					"bits_per_second":	6996841.095145463,
					"packets":	604,
					"omitted":	false,
					"sender":	true
				}],
			"sum":	{
				"start":	7.000107,
				"end":	8.000092,
				"seconds":	0.9999849796295166,
				"bytes":	874592,
				"bits_per_second":	6996841.095145463,
				"packets":	604,
				"omitted":	false,
				"sender":	true
			}
		}, {
			"streams":	[{
					"socket":	5,
					"start":	8.000092,
					"end":	9.000084,
					"seconds":	0.9999920129776,
					"bytes":	874592,
					"bits_per_second":	6996791.8835335,
					"packets":	604,
					"omitted":	false,
					"sender":	true
				}],
			"sum":	{
				"start":	8.000092,
				"end":	9.000084,
				"seconds":	0.9999920129776,
				"bytes":	874592,
				"bits_per_second":	6996791.8835335,
				"packets":	604,
				"omitted":	false,
				"sender":	true
			}
		}, {
			"streams":	[{
					"socket":	5,
					"start":	9.000084,
					"end":	10.000105,
					"seconds":	1.0000209808349609,
					"bytes":	876040,
					"bits_per_second":	7008172.9626796925,
					"packets":	605,
					"omitted":	false,
					"sender":	true
				}],
			"sum":	{
				"start":	9.000084,
				"end":	10.000105,
				"seconds":	1.0000209808349609,
				"bytes":	876040,
				"bits_per_second":	7008172.9626796925,
				"packets":	605,
				"omitted":	false,
				"sender":	true
			}
		}, {
			"streams":	[{
					"socket":	5,
					"start":	10.000105,
					"end":	11.000084,
					"seconds":	0.999979019165039,
					"bytes":	874592,
					"bits_per_second":	6996882.8004432768,
					"packets":	604,
					"omitted":	false,
					"sender":	true
				}],
			"sum":	{
				"start":	10.000105,
				"end":	11.000084,
				"seconds":	0.999979019165039,
				"bytes":	874592,
				"bits_per_second":	6996882.8004432768,
				"packets":	604,
				"omitted":	false,
				"sender":	true
			}
		}, {
			"streams":	[{
					"socket":	5,
					"start":	11.000084,
					"end":	12.00008,
					"seconds":	0.9999960064888,
					"bytes":	874592,
					"bits_per_second":	6996763.9416551646,
					"packets":	604,
					"omitted":	false,
					"sender":	true
				}],
			"sum":	{
				"start":	11.000084,
				"end":	12.00008,
				"seconds":	0.9999960064888,
				"bytes":	874592,
				"bits_per_second":	6996763.9416551646,
				"packets":	604,
				"omitted":	false,
				"sender":	true
			}
		}, {
			"streams":	[{
					"socket":	5,
					"start":	12.00008,
					"end":	13.000082,
					"seconds":	1.0000020265579224,
					"bytes":	876040,
					"bits_per_second":	7008305.7972623641,
					"packets":	605,
					"omitted":	false,
					"sender":	true
				}],
			"sum":	{
				"start":	12.00008,
				"end":	13.000082,
				"seconds":	1.0000020265579224,
				"bytes":	876040,
				"bits_per_second":	7008305.7972623641,
				"packets":	605,
				"omitted":	false,
				"sender":	true
			}
		}, {
			"streams":	[{
					"socket":	5,
					"start":	13.000082,
					"end":	14.000106,
					"seconds":	1.0000239610672,
					"bytes":	874592,
					"bits_per_second":	6996568.3547554845,
					"packets":	604,
					"omitted":	false,
					"sender":	true
				}],
			"sum":	{
				"start":	13.000082,
				"end":	14.000106,
				"seconds":	1.0000239610672,
				"bytes":	874592,
				"bits_per_second":	6996568.3547554845,
				"packets":	604,
				"omitted":	false,