{
	"start":	{
		"connected":	[{
				"socket":	5,
				"local_host":	"10.0.0.1",
				"local_port":	36435,
				"remote_host":	"10.0.0.3",
				"remote_port":	5201
			}],
		"version":	"iperf 3.16",
		"system_info":	"Linux net 6.8.0-85-generic #85-Ubuntu SMP PREEMPT_DYNAMIC Thu Sep 18 15:26:59 UTC 2025 x86_64",
		"timestamp":	{
			"time":	"Mon, 13 Oct 2025 00:01:18 GMT",
			"timesecs":	1760313678
		},
		"connecting_to":	{
			"host":	"10.0.0.3",
			"port":	5201
		},
		"cookie":	"bluppnscmyfdoaewpyprs357wrx4mdsobwz4",
		"target_bitrate":	7000000,
		"fq_rate":	0,
		"sock_bufsize":	0,
		"sndbuf_actual":	212992,
		"rcvbuf_actual":	212992,
		"test_start":	{
			"protocol":	"UDP",
			"num_streams":	1,
			"blksize":	1448,
			"omit":	0,
			"duration":	30,
			"bytes":	0,
			"blocks":	0,
			"reverse":	0,
			"tos":	0,
			"target_bitrate":	7000000,
			"bidir":	0,
			"fqrate":	0
		}
	},
	"intervals":	[{
			"streams":	[{
					"socket":	5,
					"start":	0,
					"end":	1.000085,
					"seconds":	1.00008499622345,
					"bytes":	874592,
					"bits_per_second":	6996141.3544061547,
					"packets":	604,
					"omitted":	false,
					"sender":	true
				}],
			"sum":	{
				"start":	0,
				"end":	1.000085,
				"seconds":	1.00008499622345,
				"bytes":	874592,
				"bits_per_second":	6996141.3544061547,
				"packets":	604,
				"omitted":	false,
				"sender":	true
			}
		}, {
			"streams":	[{
					"socket":	5,
					"start":	1.000085,
					"end":	2.000084,
					"seconds":	0.99999898672103882,
					"bytes":	876040,
					"bits_per_second":	7008327.1013904046,
					"packets":	605,
					"omitted":	false,
					"sender":	true
				}],
			"sum":	{
				"start":	1.000085,
				"end":	2.000084,
				"seconds":	0.99999898672103882,
				"bytes":	876040,
				"bits_per_second":	7008327.1013904046,
				"packets":	605,
				"omitted":	false,
				"sender":	true
			}
		}, {
			"streams":	[{
					"socket":	5,
					"start":	2.000084,
					"end":	3.000083,
					"seconds":	0.99999898672103882,
					"bytes":	874592,
					"bits_per_second":	6996743.08965257,
					"packets":	604,
					"omitted":	false,
					"sender":	true
				}],
			"sum":	{
				"start":	2.000084,
				"end":	3.000083,
				"seconds":	0.99999898672103882,
				"bytes":	874592,
				"bits_per_second":	6996743.08965257,
				"packets":	604,
				"omitted":	false,
				"sender":	true
			}
		}, {
			"streams":	[{
					"socket":	5,
					"start":	3.000083,
					"end":	4.000144,
					"seconds":	1.00006103515625,
					"bytes":	874592,
					"bits_per_second":	6996308.979188282,
					"packets":	604,
					"omitted":	false,
					"sender":	true
				}],
			"sum":	{
				"start":	3.000083,
				"end":	4.000144,
				"seconds":	1.00006103515625,
				"bytes":	874592,
				"bits_per_second":	6996308.979188282,
				"packets":	604,
				"omitted":	false,
				"sender":	true
			}
		}, {
			"streams":	[{
					"socket":	5,
					"start":	4.000144,
					"end":	5.000084,
					"seconds":	0.99993997812271118,
					"bytes":	874592,
					"bits_per_second":	6997155.9824377485,
					"packets":	604,
					"omitted":	false,
					"sender":	true
				}],
			"sum":	{
				"start":	4.000144,
				"end":	5.000084,
				"seconds":	0.99993997812271118,
				"bytes":	874592,
				"bits_per_second":	6997155.9824377485,
				"packets":	604,
				"omitted":	false,
				"sender":	true
			}
		}, {
			"streams":	[{
					"socket":	5,
					"start":	5.000084,
					"end":	6.000084,
					"seconds":	1,
					"bytes":	876040,
					"bits_per_second":	7008320,
					"packets":	605,
					"omitted":	false,
					"sender":	true
				}],
			"sum":	{
				"start":	5.000084,
				"end":	6.000084,
				"seconds":	1,
				"bytes":	876040,
				"bits_per_second":	7008320,
				"packets":	605,
				"omitted":	false,
				"sender":	true
			}
		}, {
			"streams":	[{
					"socket":	5,
					"start":	6.000084,
					"end":	7.000087,
					"seconds":	1.0000029802322388,
					"bytes":	874592,
					"bits_per_second":	6996715.14816395,
					"packets":	604,
					"omitted":	false,
					"sender":	true
				}],
			"sum":	{
				"start":	6.000084,
				"end":	7.000087,
				"seconds":	1.0000029802322388,
				"bytes":	874592,
				"bits_per_second":	6996715.14816395,
				"packets":	604,
				"omitted":	false,
				"sender":	true
			}
		}, {
			"streams":	[{
					"socket":	5,
					"start":	7.000087,
					"end":	8.000084,
					"seconds":	0.99999701976776123,
					"bytes":	874592,
					"bits_per_second":	6996756.8519603368,
					"packets":	604,
					"omitted":	false,
					"sender":	true
				}],
			"sum":	{
				"start":	7.000087,
				"end":	8.000084,
				"seconds":	0.99999701976776123,
				"bytes":	874592,
				"bits_per_second":	6996756.8519603368,
				"packets":	604,
				"omitted":	false,
				"sender":	true
			}
		}, {
			"streams":	[{
					"socket":	5,
					"start":	8.000084,
					"end":	9.000089,
					"seconds":	1.0000050067901611,
					"bytes":	874592,
					"bits_per_second":	6996700.9689864283,
					"packets":	604,
					"omitted":	false,
					"sender":	true
				}],
			"sum":	{
				"start":	8.000084,
				"end":	9.000089,
				"seconds":	1.0000050067901611,
				"bytes":	874592,
				"bits_per_second":	6996700.9689864283,
				"packets":	604,
				"omitted":	false,
				"sender":	true
			}
		}, {
			"streams":	[{
					"socket":	5,
					"start":	9.000089,
					"end":	10.000094,
					"seconds":	1.0000050067901611,
					"bytes":	876040,
					"bits_per_second":	7008284.9109880617,
					"packets":	605,
					"omitted":	false,
					"sender":	true
				}],
			"sum":	{
				"start":	9.000089,
				"end":	10.000094,
				"seconds":	1.0000050067901611,
				"bytes":	876040,
				"bits_per_second":	7008284.9109880617,
				"packets":	605,
				"omitted":	false,
				"sender":	true
			}
		}, {
			"streams":	[{
					"socket":	5,
					"start":	10.000094,
					"end":	11.000144,
					"seconds":	1.0000499486923218,
					"bytes":	874592,
					"bits_per_second":	6996386.5396413673,
					"packets":	604,
					"omitted":	false,
					"sender":	true
				}],
			"sum":	{
				"start":	10.000094,
				"end":	11.000144,
				"seconds":	1.0000499486923218,
				"bytes":	874592,
				"bits_per_second":	6996386.5396413673,
				"packets":	604,
				"omitted":	false,
				"sender":	true
			}
		}, {
			"streams":	[{
					"socket":	5,
					"start":	11.000144,
					"end":	12.00014,
					"seconds":	0.9999960064888,
					"bytes":	874592,
					"bits_per_second":	6996763.9416551646,
					"packets":	604,
					"omitted":	false,
					"sender":	true
				}],
			"sum":	{
				"start":	11.000144,
				"end":	12.00014,
				"seconds":	0.9999960064888,
				"bytes":	874592,
				"bits_per_second":	6996763.9416551646,
				"packets":	604,
				"omitted":	false,
				"sender":	true
			}
		}, {
			"streams":	[{
					"socket":	5,
					"start":	12.00014,
					"end":	13.000087,
					"seconds":	0.99994701147079468,
					"bytes":	876040,
					"bits_per_second":	7008691.3802478937,
					"packets":	605,
					"omitted":	false,
					"sender":	true
				}],
			"sum":	{
				"start":	12.00014,
				"end":	13.000087,
				"seconds":	0.99994701147079468,
				"bytes":	876040,
				"bits_per_second":	7008691.3802478937,
				"packets":	605,
				"omitted":	false,
				"sender":	true
			}
		}, {
			"streams":	[{
					"socket":	5,
					"start":	13.000087,
					"end":	14.000087,
					"seconds":	1,
					"bytes":	874592,
					"bits_per_second":	6996736,
					"packets":	604,
					"omitted":	false,
					"sender":	true
				}],
			"sum":	{
				"start":	13.000087,
				"end":	14.000087,
				"seconds":	1,
				"bytes":	874592,
				"bits_per_second":	6996736,
				"packets":	604,
				"omitted":	false,
				"sender":	true
			}
		}, {
			"streams":	[{
					"socket":	5,
					"start":	14.000087,
					"end":	15.000107,