{
	"start":	{
		"connected":	[{
				"socket":	5,
				"local_host":	"10.0.0.1",
				"local_port":	35240,
				"remote_host":	"10.0.0.3",
				"remote_port":	5201
			}],
		"version":	"iperf 3.16",
		"system_info":	"Linux net 6.8.0-85-generic #85-Ubuntu SMP PREEMPT_DYNAMIC Thu Sep 18 15:26:59 UTC 2025 x86_64",
		"timestamp":	{
			"time":	"Sun, 12 Oct 2025 23:56:21 GMT",
			"timesecs":	1760313381
		},
		"connecting_to":	{
			"host":	"10.0.0.3",
			"port":	5201
		},
		"cookie":	"mlh4yeu27ljsrqq4g4uiovuicp6m55mpe2jj",
		"target_bitrate":	7000000,
		"fq_rate":	0,
		"sock_bufsize":	0,
		"sndbuf_actual":	212992,
		"rcvbuf_actual":	212992,
		"test_start":	{
			"protocol":	"UDP",
			"num_streams":	1,
			"blksize":	1448,
			"omit":	0,
			"duration":	30,
			"bytes":	0,
			"blocks":	0,
			"reverse":	0,
			"tos":	0,
			"target_bitrate":	7000000,
			"bidir":	0,
			"fqrate":	0
		}
	},
	"intervals":	[{
			"streams":	[{
					"socket":	5,
					"start":	0,
					"end":	1.000085,
					"seconds":	1.00008499622345,
					"bytes":	874592,
					"bits_per_second":	6996141.3544061547,
					"packets":	604,
					"omitted":	false,
					"sender":	true
				}],
			"sum":	{
				"start":	0,
				"end":	1.000085,
				"seconds":	1.00008499622345,
				"bytes":	874592,
				"bits_per_second":	6996141.3544061547,
				"packets":	604,
				"omitted":	false,
				"sender":	true
			}
		}, {
			"streams":	[{
					"socket":	5,
					"start":	1.000085,
					"end":	2.000104,
					"seconds":	1.0000189542770386,
					"bytes":	876040,
					"bits_per_second":	7008187.1648789383,
					"packets":	605,
					"omitted":	false,
					"sender":	true
				}],
			"sum":	{
				"start":	1.000085,
				"end":	2.000104,
				"seconds":	1.0000189542770386,
				"bytes":	876040,
				"bits_per_second":	7008187.1648789383,
				"packets":	605,
				"omitted":	false,
				"sender":	true
			}
		}, {
			"streams":	[{
					"socket":	5,
					"start":	2.000104,
					"end":	3.000086,
					"seconds":	0.99998199939727783,
					"bytes":	874592,
					"bits_per_second":	6996861.9477322232,
					"packets":	604,
					"omitted":	false,
					"sender":	true
				}],
			"sum":	{
				"start":	2.000104,
				"end":	3.000086,
				"seconds":	0.99998199939727783,
				"bytes":	874592,
				"bits_per_second":	6996861.9477322232,
				"packets":	604,
				"omitted":	false,
				"sender":	true
			}
		}, {
			"streams":	[{
					"socket":	5,
					"start":	3.000086,
					"end":	4.000086,
					"seconds":	1,
					"bytes":	874592,
					"bits_per_second":	6996736,
					"packets":	604,
					"omitted":	false,
					"sender":	true
				}],
			"sum":	{
				"start":	3.000086,
				"end":	4.000086,
				"seconds":	1,
				"bytes":	874592,
				"bits_per_second":	6996736,
				"packets":	604,
				"omitted":	false,
				"sender":	true
			}
		}, {
			"streams":	[{
					"socket":	5,
					"start":	4.000086,
					"end":	5.000089,
					"seconds":	1.0000029802322388,
					"bytes":	874592,
					"bits_per_second":	6996715.14816395,
					"packets":	604,
					"omitted":	false,
					"sender":	true
				}],
			"sum":	{
				"start":	4.000086,
				"end":	5.000089,
				"seconds":	1.0000029802322388,
				"bytes":	874592,
				"bits_per_second":	6996715.14816395,
				"packets":	604,
				"omitted":	false,
				"sender":	true
			}
		}, {
			"streams":	[{
					"socket":	5,
					"start":	5.000089,
					"end":	6.000086,
					"seconds":	0.99999701976776123,
					"bytes":	876040,
					"bits_per_second":	7008340.88648345,
					"packets":	605,
					"omitted":	false,
					"sender":	true
				}],
			"sum":	{
				"start":	5.000089,
				"end":	6.000086,
				"seconds":	0.99999701976776123,
				"bytes":	876040,
				"bits_per_second":	7008340.88648345,
				"packets":	605,
				"omitted":	false,
				"sender":	true
			}
		}, {
			"streams":	[{
					"socket":	5,
					"start":	6.000086,
					"end":	7.000102,
					"seconds":	1.0000159740448,
					"bytes":	874592,
					"bits_per_second":	6996624.2356110131,
					"packets":	604,
					"omitted":	false,
					"sender":	true
				}],
			"sum":	{
				"start":	6.000086,
				"end":	7.000102,
				"seconds":	1.0000159740448,
				"bytes":	874592,
				"bits_per_second":	6996624.2356110131,
				"packets":	604,
				"omitted":	false,
				"sender":	true
			}
		}, {
			"streams":	[{
					"socket":	5,
					"start":	7.000102,
					"end":	8.000084,
					"seconds":	0.99998199939727783,
					"bytes":	874592,
					"bits_per_second":	6996861.9477322232,
					"packets":	604,
					"omitted":	false,
					"sender":	true
				}],
			"sum":	{
				"start":	7.000102,
				"end":	8.000084,
				"seconds":	0.99998199939727783,
				"bytes":	874592,
				"bits_per_second":	6996861.9477322232,
				"packets":	604,
				"omitted":	false,
				"sender":	true
			}
		}, {
			"streams":	[{
					"socket":	5,
					"start":	8.000084,
					"end":	9.000086,
					"seconds":	1.0000020265579224,
					"bytes":	874592,
					"bits_per_second":	6996721.8207379635,
					"packets":	604,
					"omitted":	false,
					"sender":	true
				}],
			"sum":	{
				"start":	8.000084,
				"end":	9.000086,
				"seconds":	1.0000020265579224,
				"bytes":	874592,
				"bits_per_second":	6996721.8207379635,
				"packets":	604,
				"omitted":	false,
				"sender":	true
			}
		}, {
			"streams":	[{
					"socket":	5,
					"start":	9.000086,
					"end":	10.000086,
					"seconds":	1,
					"bytes":	876040,
					"bits_per_second":	7008320,
					"packets":	605,
					"omitted":	false,
					"sender":	true
				}],
			"sum":	{
				"start":	9.000086,
				"end":	10.000086,
				"seconds":	1,
				"bytes":	876040,
				"bits_per_second":	7008320,
				"packets":	605,
				"omitted":	false,
				"sender":	true
			}
		}, {
			"streams":	[{
					"socket":	5,
					"start":	10.000086,
					"end":	11.000088,
					"seconds":	1.0000020265579224,
					"bytes":	874592,
					"bits_per_second":	6996721.8207379635,
					"packets":	604,
					"omitted":	false,
					"sender":	true
				}],
			"sum":	{
				"start":	10.000086,
				"end":	11.000088,
				"seconds":	1.0000020265579224,
				"bytes":	874592,
				"bits_per_second":	6996721.8207379635,
				"packets":	604,
				"omitted":	false,
				"sender":	true
			}
		}, {
			"streams":	[{
					"socket":	5,
					"start":	11.000088,
					"end":	12.000082,
					"seconds":	0.99999397993087769,
					"bytes":	874592,
					"bits_per_second":	6996778.1210879227,
					"packets":	604,
					"omitted":	false,
					"sender":	true
				}],
			"sum":	{
				"start":	11.000088,
				"end":	12.000082,
				"seconds":	0.99999397993087769,
				"bytes":	874592,
				"bits_per_second":	6996778.1210879227,
				"packets":	604,
				"omitted":	false,
				"sender":	true
			}
		}, {
			"streams":	[{
					"socket":	5,
					"start":	12.000082,
					"end":	13.000083,
					"seconds":	1.0000009536743164,
					"bytes":	876040,
					"bits_per_second":	7008313.31635159,
					"packets":	605,
					"omitted":	false,
					"sender":	true
				}],
			"sum":	{
				"start":	12.000082,
				"end":	13.000083,
				"seconds":	1.0000009536743164,
				"bytes":	876040,
				"bits_per_second":	7008313.31635159,
				"packets":	605,
				"omitted":	false,
				"sender":	true
			}
		}, {
			"streams":	[{
					"socket":	5,
					"start":	13.000083,
					"end":	14.000083,
					"seconds":	1,
					"bytes":	874592,
					"bits_per_second":	6996736,
					"packets":	604,
					"omitted":	false,
					"sender":	true
				}],
			"sum":	{
				"start":	13.000083,
				"end":	14.000083,
				"seconds":	1,
				"bytes":	874592,
				"bits_per_second":	6996736,
				"packets":	604,
				"omitted":	false,
				"sender":	true
			}
		}, {
			"streams":	[{
					"socket":	5,
					"start":	14.000083,
					"end":	15.00008,
					"seconds":	0.99999701976776123,
					"bytes":	874592,