{
	"start":	{
		"connected":	[{
				"socket":	5,
				"local_host":	"10.0.0.1",
				"local_port":	51276,
				"remote_host":	"10.0.0.3",
				"remote_port":	5201
			}],
		"version":	"iperf 3.16",
		"system_info":	"Linux net 6.8.0-85-generic #85-Ubuntu SMP PREEMPT_DYNAMIC Thu Sep 18 15:26:59 UTC 2025 x86_64",
		"timestamp":	{
			"time":	"Mon, 13 Oct 2025 00:43:43 GMT",
			"timesecs":	1760316223
		},
		"connecting_to":	{
			"host":	"10.0.0.3",
			"port":	5201
		},
		"cookie":	"yvvwqddeihsrxwduq2k5tcgn5gscuapeirdb",
		"target_bitrate":	7000000,
		"fq_rate":	0,
		"sock_bufsize":	0,
		"sndbuf_actual":	212992,
		"rcvbuf_actual":	212992,
		"test_start":	{
			"protocol":	"UDP",
			"num_streams":	1,
			"blksize":	1448,
			"omit":	0,
			"duration":	30,
			"bytes":	0,
			"blocks":	0,
			"reverse":	0,
			"tos":	0,
			"target_bitrate":	7000000,
			"bidir":	0,
			"fqrate":	0
		}
	},
	"intervals":	[{
			"streams":	[{
					"socket":	5,
					"start":	0,
					"end":	1.000085,
					"seconds":	1.00008499622345,
					"bytes":	874592,
					"bits_per_second":	6996141.3544061547,
					"packets":	604,
					"omitted":	false,
					"sender":	true
				}],
			"sum":	{
				"start":	0,
				"end":	1.000085,
				"seconds":	1.00008499622345,
				"bytes":	874592,
				"bits_per_second":	6996141.3544061547,
				"packets":	604,
				"omitted":	false,
				"sender":	true
			}
		}, {
			"streams":	[{
					"socket":	5,
					"start":	1.000085,
					"end":	2.000082,
					"seconds":	0.99999701976776123,
					"bytes":	876040,
					"bits_per_second":	7008340.88648345,
					"packets":	605,
					"omitted":	false,
					"sender":	true
				}],
			"sum":	{
				"start":	1.000085,
				"end":	2.000082,
				"seconds":	0.99999701976776123,
				"bytes":	876040,
				"bits_per_second":	7008340.88648345,
				"packets":	605,
				"omitted":	false,
				"sender":	true
			}
		}, {
			"streams":	[{
					"socket":	5,
					"start":	2.000082,
					"end":	3.000089,
					"seconds":	1.0000070333480835,
					"bytes":	874592,
					"bits_per_second":	6996686.7898663757,
					"packets":	604,
					"omitted":	false,
					"sender":	true
				}],
			"sum":	{
				"start":	2.000082,
				"end":	3.000089,
				"seconds":	1.0000070333480835,
				"bytes":	874592,
				"bits_per_second":	6996686.7898663757,
				"packets":	604,
				"omitted":	false,
				"sender":	true
			}
		}, {
			"streams":	[{
					"socket":	5,
					"start":	3.000089,
					"end":	4.00008,
					"seconds":	0.999990999698639,
					"bytes":	874592,
					"bits_per_second":	6996798.9732993226,
					"packets":	604,
					"omitted":	false,
					"sender":	true
				}],
			"sum":	{
				"start":	3.000089,
				"end":	4.00008,
				"seconds":	0.999990999698639,
				"bytes":	874592,
				"bits_per_second":	6996798.9732993226,
				"packets":	604,
				"omitted":	false,
				"sender":	true
			}
		}, {
			"streams":	[{
					"socket":	5,
					"start":	4.00008,
					"end":	5.000081,
					"seconds":	1.0000009536743164,
					"bytes":	874592,
					"bits_per_second":	6996729.3273989419,
					"packets":	604,
					"omitted":	false,
					"sender":	true
				}],
			"sum":	{
				"start":	4.00008,
				"end":	5.000081,
				"seconds":	1.0000009536743164,
				"bytes":	874592,
				"bits_per_second":	6996729.3273989419,
				"packets":	604,
				"omitted":	false,
				"sender":	true
			}
		}, {
			"streams":	[{
					"socket":	5,
					"start":	5.000081,
					"end":	6.000082,
					"seconds":	1.0000009536743164,
					"bytes":	876040,
					"bits_per_second":	7008313.31635159,
					"packets":	605,
					"omitted":	false,
					"sender":	true
				}],
			"sum":	{
				"start":	5.000081,
				"end":	6.000082,
				"seconds":	1.0000009536743164,
				"bytes":	876040,
				"bits_per_second":	7008313.31635159,
				"packets":	605,
				"omitted":	false,
				"sender":	true
			}
		}, {
			"streams":	[{
					"socket":	5,
					"start":	6.000082,
					"end":	7.000088,
					"seconds":	1.0000059604644775,
					"bytes":	874592,
					"bits_per_second":	6996694.2964521861,
					"packets":	604,
					"omitted":	false,
					"sender":	true
				}],
			"sum":	{
				"start":	6.000082,
				"end":	7.000088,
				"seconds":	1.0000059604644775,
				"bytes":	874592,
				"bits_per_second":	6996694.2964521861,
				"packets":	604,
				"omitted":	false,
				"sender":	true
			}
		}, {
			"streams":	[{
					"socket":	5,
					"start":	7.000088,
					"end":	8.000107,
					"seconds":	1.0000189542770386,
					"bytes":	874592,
					"bits_per_second":	6996603.3844411224,
					"packets":	604,
					"omitted":	false,
					"sender":	true
				}],
			"sum":	{
				"start":	7.000088,
				"end":	8.000107,
				"seconds":	1.0000189542770386,
				"bytes":	874592,
				"bits_per_second":	6996603.3844411224,
				"packets":	604,
				"omitted":	false,
				"sender":	true
			}
		}, {
			"streams":	[{
					"socket":	5,
					"start":	8.000107,
					"end":	9.000092,
					"seconds":	0.9999849796295166,
					"bytes":	874592,
					"bits_per_second":	6996841.095145463,
					"packets":	604,
					"omitted":	false,
					"sender":	true
				}],
			"sum":	{
				"start":	8.000107,
				"end":	9.000092,
				"seconds":	0.9999849796295166,
				"bytes":	874592,
				"bits_per_second":	6996841.095145463,
				"packets":	604,
				"omitted":	false,
				"sender":	true
			}
		}, {
			"streams":	[{
					"socket":	5,
					"start":	9.000092,
					"end":	10.000087,
					"seconds":	0.999994993209839,
					"bytes":	876040,
					"bits_per_second":	7008355.0893633068,
					"packets":	605,
					"omitted":	false,
					"sender":	true
				}],
			"sum":	{
				"start":	9.000092,
				"end":	10.000087,
				"seconds":	0.999994993209839,
				"bytes":	876040,
				"bits_per_second":	7008355.0893633068,
				"packets":	605,
				"omitted":	false,
				"sender":	true
			}
		}, {
			"streams":	[{
					"socket":	5,
					"start":	10.000087,
					"end":	11.000087,
					"seconds":	1,
					"bytes":	874592,
					"bits_per_second":	6996736,
					"packets":	604,
					"omitted":	false,
					"sender":	true
				}],
			"sum":	{
				"start":	10.000087,
				"end":	11.000087,
				"seconds":	1,
				"bytes":	874592,
				"bits_per_second":	6996736,
				"packets":	604,
				"omitted":	false,
				"sender":	true
			}
		}, {
			"streams":	[{
					"socket":	5,
					"start":	11.000087,
					"end":	12.000085,
					"seconds":	0.99999797344207764,
					"bytes":	874592,
					"bits_per_second":	6996750.1793195065,
					"packets":	604,
					"omitted":	false,
					"sender":	true
				}],
			"sum":	{
				"start":	11.000087,
				"end":	12.000085,
				"seconds":	0.99999797344207764,
				"bytes":	874592,
				"bits_per_second":	6996750.1793195065,
				"packets":	604,
				"omitted":	false,
				"sender":	true
			}
		}, {
			"streams":	[{
					"socket":	5,
					"start":	12.000085,
					"end":	13.000084,
					"seconds":	0.99999898672103882,
					"bytes":	876040,
					"bits_per_second":	7008327.1013904046,
					"packets":	605,
					"omitted":	false,
					"sender":	true
				}],
			"sum":	{
				"start":	12.000085,
				"end":	13.000084,
				"seconds":	0.99999898672103882,
				"bytes":	876040,
				"bits_per_second":	7008327.1013904046,
				"packets":	605,
				"omitted":	false,
				"sender":	true
			}
		}, {
			"streams":	[{
					"socket":	5,
					"start":	13.000084,
					"end":	14.000084,
					"seconds":	1,
					"bytes":	874592,
					"bits_per_second":	6996736,
					"packets":	604,
					"omitted":	false,
					"sender":	true
				}],
			"sum":	{
				"start":	13.000084,
				"end":	14.000084,
				"seconds":	1,
				"bytes":	874592,
				"bits_per_second":	6996736,
				"packets":	604,
				"omitted":	false,
				"sender":	true
			}
		}, {
			"streams":	[{
					"socket":	5,
					"start":	14.000084,
					"end":	15.000088,