{
	"start":	{
		"connected":	[{
				"socket":	5,
				"local_host":	"10.0.0.1",
				"local_port":	50023,
				"remote_host":	"10.0.0.3",
				"remote_port":	5201
			}],
		"version":	"iperf 3.16",
		"system_info":	"Linux net 6.8.0-85-generic #85-Ubuntu SMP PREEMPT_DYNAMIC Thu Sep 18 15:26:59 UTC 2025 x86_64",
		"timestamp":	{
			"time":	"Mon, 13 Oct 2025 00:27:46 GMT",
			"timesecs":	1760315266
		},
		"connecting_to":	{
			"host":	"10.0.0.3",
			"port":	5201
		},
		"cookie":	"iici5fbwfq2huud5mzympry2vdj2gi5nycjk",
		"target_bitrate":	7000000,
		"fq_rate":	0,
		"sock_bufsize":	0,
		"sndbuf_actual":	212992,
		"rcvbuf_actual":	212992,
		"test_start":	{
			"protocol":	"UDP",
			"num_streams":	1,
			"blksize":	1448,
			"omit":	0,
			"duration":	30,
			"bytes":	0,
			"blocks":	0,
			"reverse":	0,
			"tos":	0,
			"target_bitrate":	7000000,
			"bidir":	0,
			"fqrate":	0
		}
	},
	"intervals":	[{
			"streams":	[{
					"socket":	5,
					"start":	0,
					"end":	1.000104,
					"seconds":	1.0001039505004883,
					"bytes":	874592,
					"bits_per_second":	6996008.7613878334,
					"packets":	604,
					"omitted":	false,
					"sender":	true
				}],
			"sum":	{
				"start":	0,
				"end":	1.000104,
				"seconds":	1.0001039505004883,
				"bytes":	874592,
				"bits_per_second":	6996008.7613878334,
				"packets":	604,
				"omitted":	false,
				"sender":	true
			}
		}, {
			"streams":	[{
					"socket":	5,
					"start":	1.000104,
					"end":	2.000092,
					"seconds":	0.9999880194664,
					"bytes":	876040,
					"bits_per_second":	7008403.9644191768,
					"packets":	605,
					"omitted":	false,
					"sender":	true
				}],
			"sum":	{
				"start":	1.000104,
				"end":	2.000092,
				"seconds":	0.9999880194664,
				"bytes":	876040,
				"bits_per_second":	7008403.9644191768,
				"packets":	605,
				"omitted":	false,
				"sender":	true
			}
		}, {
			"streams":	[{
					"socket":	5,
					"start":	2.000092,
					"end":	3.000105,
					"seconds":	1.000012993812561,
					"bytes":	874592,
					"bits_per_second":	6996645.0869051842,
					"packets":	604,
					"omitted":	false,
					"sender":	true
				}],
			"sum":	{
				"start":	2.000092,
				"end":	3.000105,
				"seconds":	1.000012993812561,
				"bytes":	874592,
				"bits_per_second":	6996645.0869051842,
				"packets":	604,
				"omitted":	false,
				"sender":	true
			}
		}, {
			"streams":	[{
					"socket":	5,
					"start":	3.000105,
					"end":	4.000105,
					"seconds":	1,
					"bytes":	874592,
					"bits_per_second":	6996736,
					"packets":	604,
					"omitted":	false,
					"sender":	true
				}],
			"sum":	{
				"start":	3.000105,
				"end":	4.000105,
				"seconds":	1,
				"bytes":	874592,
				"bits_per_second":	6996736,
				"packets":	604,
				"omitted":	false,
				"sender":	true
			}
		}, {
			"streams":	[{
					"socket":	5,
					"start":	4.000105,
					"end":	5.000091,
					"seconds":	0.99998599290847778,
					"bytes":	874592,
					"bits_per_second":	6996834.0052942783,
					"packets":	604,
					"omitted":	false,
					"sender":	true
				}],
			"sum":	{
				"start":	4.000105,
				"end":	5.000091,
				"seconds":	0.99998599290847778,
				"bytes":	874592,
				"bits_per_second":	6996834.0052942783,
				"packets":	604,
				"omitted":	false,
				"sender":	true
			}
		}, {
			"streams":	[{
					"socket":	5,
					"start":	5.000091,
					"end":	6.000098,
					"seconds":	1.0000070333480835,
					"bytes":	876040,
					"bits_per_second":	7008270.7083926443,
					"packets":	605,
					"omitted":	false,
					"sender":	true
				}],
			"sum":	{
				"start":	5.000091,
				"end":	6.000098,
				"seconds":	1.0000070333480835,
				"bytes":	876040,
				"bits_per_second":	7008270.7083926443,
				"packets":	605,
				"omitted":	false,
				"sender":	true
			}
		}, {
			"streams":	[{
					"socket":	5,
					"start":	6.000098,
					"end":	7.000103,
					"seconds":	1.0000050067901611,
					"bytes":	874592,
					"bits_per_second":	6996700.9689864283,
					"packets":	604,
					"omitted":	false,
					"sender":	true
				}],
			"sum":	{
				"start":	6.000098,
				"end":	7.000103,
				"seconds":	1.0000050067901611,
				"bytes":	874592,
				"bits_per_second":	6996700.9689864283,
				"packets":	604,
				"omitted":	false,
				"sender":	true
			}
		}, {
			"streams":	[{
					"socket":	5,
					"start":	7.000103,
					"end":	8.000105,
					"seconds":	1.0000020265579224,
					"bytes":	874592,
					"bits_per_second":	6996721.8207379635,
					"packets":	604,
					"omitted":	false,
					"sender":	true
				}],
			"sum":	{
				"start":	7.000103,
				"end":	8.000105,
				"seconds":	1.0000020265579224,
				"bytes":	874592,
				"bits_per_second":	6996721.8207379635,
				"packets":	604,
				"omitted":	false,
				"sender":	true
			}
		}, {
			"streams":	[{
					"socket":	5,
					"start":	8.000105,
					"end":	9.000092,
					"seconds":	0.999987006187439,
					"bytes":	874592,
					"bits_per_second":	6996826.91545746,
					"packets":	604,
					"omitted":	false,
					"sender":	true
				}],
			"sum":	{
				"start":	8.000105,
				"end":	9.000092,
				"seconds":	0.999987006187439,
				"bytes":	874592,
				"bits_per_second":	6996826.91545746,
				"packets":	604,
				"omitted":	false,
				"sender":	true
			}
		}, {
			"streams":	[{
					"socket":	5,
					"start":	9.000092,
					"end":	10.00013,
					"seconds":	1.0000380277633667,
					"bytes":	876040,
					"bits_per_second":	7008053.4993998641,
					"packets":	605,
					"omitted":	false,
					"sender":	true
				}],
			"sum":	{
				"start":	9.000092,
				"end":	10.00013,
				"seconds":	1.0000380277633667,
				"bytes":	876040,
				"bits_per_second":	7008053.4993998641,
				"packets":	605,
				"omitted":	false,
				"sender":	true
			}
		}, {
			"streams":	[{
					"socket":	5,
					"start":	10.00013,
					"end":	11.000083,
					"seconds":	0.99995297193527222,
					"bytes":	874592,
					"bits_per_second":	6997065.0584284719,
					"packets":	604,
					"omitted":	false,
					"sender":	true
				}],
			"sum":	{
				"start":	10.00013,
				"end":	11.000083,
				"seconds":	0.99995297193527222,
				"bytes":	874592,
				"bits_per_second":	6997065.0584284719,
				"packets":	604,
				"omitted":	false,
				"sender":	true
			}
		}, {
			"streams":	[{
					"socket":	5,
					"start":	11.000083,
					"end":	12.000092,
					"seconds":	1.0000089406967163,
					"bytes":	874592,
					"bits_per_second":	6996673.4448647061,
					"packets":	604,
					"omitted":	false,
					"sender":	true
				}],
			"sum":	{
				"start":	11.000083,
				"end":	12.000092,
				"seconds":	1.0000089406967163,
				"bytes":	874592,
				"bits_per_second":	6996673.4448647061,
				"packets":	604,
				"omitted":	false,
				"sender":	true
			}
		}, {
			"streams":	[{
					"socket":	5,
					"start":	12.000092,
					"end":	13.000085,
					"seconds":	0.99999302625656128,
					"bytes":	876040,
					"bits_per_second":	7008368.8745664554,
					"packets":	605,
					"omitted":	false,
					"sender":	true
				}],
			"sum":	{
				"start":	12.000092,
				"end":	13.000085,
				"seconds":	0.99999302625656128,
				"bytes":	876040,
				"bits_per_second":	7008368.8745664554,
				"packets":	605,
				"omitted":	false,
				"sender":	true
			}
		}, {
			"streams":	[{
					"socket":	5,
					"start":	13.000085,
					"end":	14.000085,
					"seconds":	1,
					"bytes":	874592,
					"bits_per_second":	6996736,
					"packets":	604,
					"omitted":	false,
					"sender":	true
				}],
			"sum":	{
				"start":	13.000085,
				"end":	14.000085,
				"seconds":	1,
				"bytes":	874592,
				"bits_per_second":	6996736,
				"packets":	604,
				"omitted":	false,
				"sender":	true
			}
		}, {
			"streams":	[{
					"socket":	5,
					"start":	14.000085,
					"end":	15.000083,