{
	"start":	{
		"connected":	[{
				"socket":	5,
				"local_host":	"10.0.0.1",
				"local_port":	46607,
				"remote_host":	"10.0.0.3",
				"remote_port":	5201
			}],
		"version":	"iperf 3.16",
		"system_info":	"Linux net 6.8.0-85-generic #85-Ubuntu SMP PREEMPT_DYNAMIC Thu Sep 18 15:26:59 UTC 2025 x86_64",
		"timestamp":	{
			"time":	"Mon, 13 Oct 2025 00:32:12 GMT",
			"timesecs":	1760315532
		},
		"connecting_to":	{
			"host":	"10.0.0.3",
			"port":	5201
		},
		"cookie":	"enfbduze725irubrrdftjhffxj7vjaonapr4",
		"target_bitrate":	7000000,
		"fq_rate":	0,
		"sock_bufsize":	0,
		"sndbuf_actual":	212992,
		"rcvbuf_actual":	212992,
		"test_start":	{
			"protocol":	"UDP",
			"num_streams":	1,
			"blksize":	1448,
			"omit":	0,
			"duration":	30,
			"bytes":	0,
			"blocks":	0,
			"reverse":	0,
			"tos":	0,
			"target_bitrate":	7000000,
			"bidir":	0,
			"fqrate":	0
		}
	},
	"intervals":	[{
			"streams":	[{
					"socket":	5,
					"start":	0,
					"end":	1.000087,
					"seconds":	1.0000870227813721,
					"bytes":	874592,
					"bits_per_second":	6996127.1775541762,
					"packets":	604,
					"omitted":	false,
					"sender":	true
				}],
			"sum":	{
				"start":	0,
				"end":	1.000087,
				"seconds":	1.0000870227813721,
				"bytes":	874592,
				"bits_per_second":	6996127.1775541762,
				"packets":	604,
				"omitted":	false,
				"sender":	true
			}
		}, {
			"streams":	[{
					"socket":	5,
					"start":	1.000087,
					"end":	2.000086,
					"seconds":	0.99999898672103882,
					"bytes":	876040,
					"bits_per_second":	7008327.1013904046,
					"packets":	605,
					"omitted":	false,
					"sender":	true
				}],
			"sum":	{
				"start":	1.000087,
				"end":	2.000086,
				"seconds":	0.99999898672103882,
				"bytes":	876040,
				"bits_per_second":	7008327.1013904046,
				"packets":	605,
				"omitted":	false,
				"sender":	true
			}
		}, {
			"streams":	[{
					"socket":	5,
					"start":	2.000086,
					"end":	3.000085,
					"seconds":	0.99999898672103882,
					"bytes":	874592,
					"bits_per_second":	6996743.08965257,
					"packets":	604,
					"omitted":	false,
					"sender":	true
				}],
			"sum":	{
				"start":	2.000086,
				"end":	3.000085,
				"seconds":	0.99999898672103882,
				"bytes":	874592,
				"bits_per_second":	6996743.08965257,
				"packets":	604,
				"omitted":	false,
				"sender":	true
			}
		}, {
			"streams":	[{
					"socket":	5,
					"start":	3.000085,
					"end":	4.000084,
					"seconds":	0.99999898672103882,
					"bytes":	874592,
					"bits_per_second":	6996743.08965257,
					"packets":	604,
					"omitted":	false,
					"sender":	true
				}],
			"sum":	{
				"start":	3.000085,
				"end":	4.000084,
				"seconds":	0.99999898672103882,
				"bytes":	874592,
				"bits_per_second":	6996743.08965257,
				"packets":	604,
				"omitted":	false,
				"sender":	true
			}
		}, {
			"streams":	[{
					"socket":	5,
					"start":	4.000084,
					"end":	5.000136,
					"seconds":	1.0000519752502441,
					"bytes":	874592,
					"bits_per_second":	6996372.3617956946,
					"packets":	604,
					"omitted":	false,
					"sender":	true
				}],
			"sum":	{
				"start":	4.000084,
				"end":	5.000136,
				"seconds":	1.0000519752502441,
				"bytes":	874592,
				"bits_per_second":	6996372.3617956946,
				"packets":	604,
				"omitted":	false,
				"sender":	true
			}
		}, {
			"streams":	[{
					"socket":	5,
					"start":	5.000136,
					"end":	6.000086,
					"seconds":	0.99994999170303345,
					"bytes":	876040,
					"bits_per_second":	7008670.4916752884,
					"packets":	605,
					"omitted":	false,
					"sender":	true
				}],
			"sum":	{
				"start":	5.000136,
				"end":	6.000086,
				"seconds":	0.99994999170303345,
				"bytes":	876040,
				"bits_per_second":	7008670.4916752884,
				"packets":	605,
				"omitted":	false,
				"sender":	true
			}
		}, {
			"streams":	[{
					"socket":	5,
					"start":	6.000086,
					"end":	7.000086,
					"seconds":	1,
					"bytes":	874592,
					"bits_per_second":	6996736,
					"packets":	604,
					"omitted":	false,
					"sender":	true
				}],
			"sum":	{
				"start":	6.000086,
				"end":	7.000086,
				"seconds":	1,
				"bytes":	874592,
				"bits_per_second":	6996736,
				"packets":	604,
				"omitted":	false,
				"sender":	true
			}
		}, {
			"streams":	[{
					"socket":	5,
					"start":	7.000086,
					"end":	8.000107,
					"seconds":	1.0000209808349609,
					"bytes":	874592,
					"bits_per_second":	6996589.2057165857,
					"packets":	604,
					"omitted":	false,
					"sender":	true
				}],
			"sum":	{
				"start":	7.000086,
				"end":	8.000107,
				"seconds":	1.0000209808349609,
				"bytes":	874592,
				"bits_per_second":	6996589.2057165857,
				"packets":	604,
				"omitted":	false,
				"sender":	true
			}
		}, {
			"streams":	[{
					"socket":	5,
					"start":	8.000107,
					"end":	9.000087,
					"seconds":	0.99997997283935547,
					"bytes":	874592,
					"bits_per_second":	6996876.1275622165,
					"packets":	604,
					"omitted":	false,
					"sender":	true
				}],
			"sum":	{
				"start":	8.000107,
				"end":	9.000087,
				"seconds":	0.99997997283935547,
				"bytes":	874592,
				"bits_per_second":	6996876.1275622165,
				"packets":	604,
				"omitted":	false,
				"sender":	true
			}
		}, {
			"streams":	[{
					"socket":	5,
					"start":	9.000087,
					"end":	10.000088,
					"seconds":	1.0000009536743164,
					"bytes":	876040,
					"bits_per_second":	7008313.31635159,
					"packets":	605,
					"omitted":	false,
					"sender":	true
				}],
			"sum":	{
				"start":	9.000087,
				"end":	10.000088,
				"seconds":	1.0000009536743164,
				"bytes":	876040,
				"bits_per_second":	7008313.31635159,
				"packets":	605,
				"omitted":	false,
				"sender":	true
			}
		}, {
			"streams":	[{
					"socket":	5,
					"start":	10.000088,
					"end":	11.000095,
					"seconds":	1.0000070333480835,
					"bytes":	874592,
					"bits_per_second":	6996686.7898663757,
					"packets":	604,
					"omitted":	false,
					"sender":	true
				}],
			"sum":	{
				"start":	10.000088,
				"end":	11.000095,
				"seconds":	1.0000070333480835,
				"bytes":	874592,
				"bits_per_second":	6996686.7898663757,
				"packets":	604,
				"omitted":	false,
				"sender":	true
			}
		}, {
			"streams":	[{
					"socket":	5,
					"start":	11.000095,
					"end":	12.000084,
					"seconds":	0.99998897314071655,
					"bytes":	874592,
					"bits_per_second":	6996813.15287407,
					"packets":	604,
					"omitted":	false,
					"sender":	true
				}],
			"sum":	{
				"start":	11.000095,
				"end":	12.000084,
				"seconds":	0.99998897314071655,
				"bytes":	874592,
				"bits_per_second":	6996813.15287407,
				"packets":	604,
				"omitted":	false,
				"sender":	true
			}
		}, {
			"streams":	[{
					"socket":	5,
					"start":	12.000084,
					"end":	13.000084,
					"seconds":	1,
					"bytes":	876040,
					"bits_per_second":	7008320,
					"packets":	605,
					"omitted":	false,
					"sender":	true
				}],
			"sum":	{
				"start":	12.000084,
				"end":	13.000084,
				"seconds":	1,
				"bytes":	876040,
				"bits_per_second":	7008320,
				"packets":	605,
				"omitted":	false,
				"sender":	true
			}
		}, {
			"streams":	[{
					"socket":	5,
					"start":	13.000084,
					"end":	14.000084,
					"seconds":	1,
					"bytes":	874592,
					"bits_per_second":	6996736,
					"packets":	604,
					"omitted":	false,
					"sender":	true
				}],
			"sum":	{
				"start":	13.000084,
				"end":	14.000084,
				"seconds":	1,
				"bytes":	874592,
				"bits_per_second":	6996736,
				"packets":	604,
				"omitted":	false,
				"sender":	true
			}
		}, {
			"streams":	[{
					"socket":	5,
					"start":	14.000084,
					"end":	15.000103,
					"seconds":	1.0000189542770386,
					"bytes":	874592,