{
	"start":	{
		"connected":	[{
				"socket":	5,
				"local_host":	"10.0.0.1",
				"local_port":	48778,
				"remote_host":	"10.0.0.3",
				"remote_port":	5201
			}],
		"version":	"iperf 3.16",
		"system_info":	"Linux net 6.8.0-85-generic #85-Ubuntu SMP PREEMPT_DYNAMIC Thu Sep 18 15:26:59 UTC 2025 x86_64",
		"timestamp":	{
			"time":	"Mon, 13 Oct 2025 00:15:08 GMT",
			"timesecs":	1760314508
		},
		"connecting_to":	{
			"host":	"10.0.0.3",
			"port":	5201
		},
		"cookie":	"x5g7ln6oaus7ecm6ckqq4bdf6pdszmk6xbcl",
		"target_bitrate":	7000000,
		"fq_rate":	0,
		"sock_bufsize":	0,
		"sndbuf_actual":	212992,
		"rcvbuf_actual":	212992,
		"test_start":	{
			"protocol":	"UDP",
			"num_streams":	1,
			"blksize":	1448,
			"omit":	0,
			"duration":	30,
			"bytes":	0,
			"blocks":	0,
			"reverse":	0,
			"tos":	0,
			"target_bitrate":	7000000,
			"bidir":	0,
			"fqrate":	0
		}
	},
	"intervals":	[{
			"streams":	[{
					"socket":	5,
					"start":	0,
					"end":	1.000088,
					"seconds":	1.0000879764556885,
					"bytes":	874592,
					"bits_per_second":	6996120.5061143022,
					"packets":	604,
					"omitted":	false,
					"sender":	true
				}],
			"sum":	{
				"start":	0,
				"end":	1.000088,
				"seconds":	1.0000879764556885,
				"bytes":	874592,
				"bits_per_second":	6996120.5061143022,
				"packets":	604,
				"omitted":	false,
				"sender":	true
			}
		}, {
			"streams":	[{
					"socket":	5,
					"start":	1.000088,
					"end":	2.031788,
					"seconds":	1.0317000150680542,
					"bytes":	864456,
					"bits_per_second":	6703157.79683673,
					"packets":	598,
					"omitted":	false,
					"sender":	true
				}],
			"sum":	{
				"start":	1.000088,
				"end":	2.031788,
				"seconds":	1.0317000150680542,
				"bytes":	864456,
				"bits_per_second":	6703157.79683673,
				"packets":	598,
				"omitted":	false,
				"sender":	true
			}
		}, {
			"streams":	[{
					"socket":	5,
					"start":	2.031788,
					"end":	3.000084,
					"seconds":	0.968295991420746,
					"bytes":	886176,
					"bits_per_second":	7321529.8450197717,
					"packets":	611,
					"omitted":	false,
					"sender":	true
				}],
			"sum":	{
				"start":	2.031788,
				"end":	3.000084,
				"seconds":	0.968295991420746,
				"bytes":	886176,
				"bits_per_second":	7321529.8450197717,
				"packets":	611,
				"omitted":	false,
				"sender":	true
			}
		}, {
			"streams":	[{
					"socket":	5,
					"start":	3.000084,
					"end":	4.000085,
					"seconds":	1.0000009536743164,
					"bytes":	874592,
					"bits_per_second":	6996729.3273989419,
					"packets":	604,
					"omitted":	false,
					"sender":	true
				}],
			"sum":	{
				"start":	3.000084,
				"end":	4.000085,
				"seconds":	1.0000009536743164,
				"bytes":	874592,
				"bits_per_second":	6996729.3273989419,
				"packets":	604,
				"omitted":	false,
				"sender":	true
			}
		}, {
			"streams":	[{
					"socket":	5,
					"start":	4.000085,
					"end":	5.000103,
					"seconds":	1.0000180006027222,
					"bytes":	874592,
					"bits_per_second":	6996610.0568019655,
					"packets":	604,
					"omitted":	false,
					"sender":	true
				}],
			"sum":	{
				"start":	4.000085,
				"end":	5.000103,
				"seconds":	1.0000180006027222,
				"bytes":	874592,
				"bits_per_second":	6996610.0568019655,
				"packets":	604,
				"omitted":	false,
				"sender":	true
			}
		}, {
			"streams":	[{
					"socket":	5,
					"start":	5.000103,
					"end":	6.000083,
					"seconds":	0.99997997283935547,
					"bytes":	876040,
					"bits_per_second":	7008460.3595614918,
					"packets":	605,
					"omitted":	false,
					"sender":	true
				}],
			"sum":	{
				"start":	5.000103,
				"end":	6.000083,
				"seconds":	0.99997997283935547,
				"bytes":	876040,
				"bits_per_second":	7008460.3595614918,
				"packets":	605,
				"omitted":	false,
				"sender":	true
			}
		}, {
			"streams":	[{
					"socket":	5,
					"start":	6.000083,
					"end":	7.000083,
					"seconds":	1,
					"bytes":	874592,
					"bits_per_second":	6996736,
					"packets":	604,
					"omitted":	false,
					"sender":	true
				}],
			"sum":	{
				"start":	6.000083,
				"end":	7.000083,
				"seconds":	1,
				"bytes":	874592,
				"bits_per_second":	6996736,
				"packets":	604,
				"omitted":	false,
				"sender":	true
			}
		}, {
			"streams":	[{
					"socket":	5,
					"start":	7.000083,
					"end":	8.000088,
					"seconds":	1.0000050067901611,
					"bytes":	874592,
					"bits_per_second":	6996700.9689864283,
					"packets":	604,
					"omitted":	false,
					"sender":	true
				}],
			"sum":	{
				"start":	7.000083,
				"end":	8.000088,
				"seconds":	1.0000050067901611,
				"bytes":	874592,
				"bits_per_second":	6996700.9689864283,
				"packets":	604,
				"omitted":	false,
				"sender":	true
			}
		}, {
			"streams":	[{
					"socket":	5,
					"start":	8.000088,
					"end":	9.000081,
					"seconds":	0.99999302625656128,
					"bytes":	874592,
					"bits_per_second":	6996784.7937820479,
					"packets":	604,
					"omitted":	false,
					"sender":	true
				}],
			"sum":	{
				"start":	8.000088,
				"end":	9.000081,
				"seconds":	0.99999302625656128,
				"bytes":	874592,
				"bits_per_second":	6996784.7937820479,
				"packets":	604,
				"omitted":	false,
				"sender":	true
			}
		}, {
			"streams":	[{
					"socket":	5,
					"start":	9.000081,
					"end":	10.000081,
					"seconds":	1,
					"bytes":	876040,
					"bits_per_second":	7008320,
					"packets":	605,
					"omitted":	false,
					"sender":	true
				}],
			"sum":	{
				"start":	9.000081,
				"end":	10.000081,
				"seconds":	1,
				"bytes":	876040,
				"bits_per_second":	7008320,
				"packets":	605,
				"omitted":	false,
				"sender":	true
			}
		}, {
			"streams":	[{
					"socket":	5,
					"start":	10.000081,
					"end":	11.000142,
					"seconds":	1.00006103515625,
					"bytes":	874592,
					"bits_per_second":	6996308.979188282,
					"packets":	604,
					"omitted":	false,
					"sender":	true
				}],
			"sum":	{
				"start":	10.000081,
				"end":	11.000142,
				"seconds":	1.00006103515625,
				"bytes":	874592,
				"bits_per_second":	6996308.979188282,
				"packets":	604,
				"omitted":	false,
				"sender":	true
			}
		}, {
			"streams":	[{
					"socket":	5,
					"start":	11.000142,
					"end":	12.000142,
					"seconds":	1,
					"bytes":	874592,
					"bits_per_second":	6996736,
					"packets":	604,
					"omitted":	false,
					"sender":	true
				}],
			"sum":	{
				"start":	11.000142,
				"end":	12.000142,
				"seconds":	1,
				"bytes":	874592,
				"bits_per_second":	6996736,
				"packets":	604,
				"omitted":	false,
				"sender":	true
			}
		}, {
			"streams":	[{
					"socket":	5,
					"start":	12.000142,
					"end":	13.000084,
					"seconds":	0.99994200468063354,
					"bytes":	876040,
					"bits_per_second":	7008726.4733301727,
					"packets":	605,
					"omitted":	false,
					"sender":	true
				}],
			"sum":	{
				"start":	12.000142,
				"end":	13.000084,
				"seconds":	0.99994200468063354,
				"bytes":	876040,
				"bits_per_second":	7008726.4733301727,
				"packets":	605,
				"omitted":	false,
				"sender":	true
			}
		}, {
			"streams":	[{
					"socket":	5,
					"start":	13.000084,
					"end":	14.000083,
					"seconds":	0.99999898672103882,
					"bytes":	874592,
					"bits_per_second":	6996743.08965257,
					"packets":	604,
					"omitted":	false,
					"sender":	true
				}],
			"sum":	{
				"start":	13.000084,
				"end":	14.000083,
				"seconds":	0.99999898672103882,
				"bytes":	874592,
				"bits_per_second":	6996743.08965257,
				"packets":	604,
				"omitted":	false,
				"sender":	true
			}
		}, {
			"streams":	[{
					"socket":	5,
					"start":	14.000083,
					"end":	15.000083,
					"seconds":	1,
					"bytes":	874592,
					"bits_per_second":	6996736,