{
	"start":	{
		"connected":	[{
				"socket":	5,
				"local_host":	"10.0.0.1",
				"local_port":	43264,
				"remote_host":	"10.0.0.3",
				"remote_port":	5201
			}],
		"version":	"iperf 3.16",
		"system_info":	"Linux net 6.8.0-85-generic #85-Ubuntu SMP PREEMPT_DYNAMIC Thu Sep 18 15:26:59 UTC 2025 x86_64",
		"timestamp":	{
			"time":	"Mon, 13 Oct 2025 00:37:40 GMT",
			"timesecs":	1760315860
		},
		"connecting_to":	{
			"host":	"10.0.0.3",
			"port":	5201
		},
		"cookie":	"vxj44ep46fvmosre2zouavejg3zayks56ufx",
		"target_bitrate":	7000000,
		"fq_rate":	0,
		"sock_bufsize":	0,
		"sndbuf_actual":	212992,
		"rcvbuf_actual":	212992,
		"test_start":	{
			"protocol":	"UDP",
			"num_streams":	1,
			"blksize":	1448,
			"omit":	0,
			"duration":	30,
			"bytes":	0,
			"blocks":	0,
			"reverse":	0,
			"tos":	0,
			"target_bitrate":	7000000,
			"bidir":	0,
			"fqrate":	0
		}
	},
	"intervals":	[{
			"streams":	[{
					"socket":	5,
					"start":	0,
					"end":	1.000129,
					"seconds":	1.0001289844512939,
					"bytes":	874592,
					"bits_per_second":	6995833.6462357966,
					"packets":	604,
					"omitted":	false,
					"sender":	true
				}],
			"sum":	{
				"start":	0,
				"end":	1.000129,
				"seconds":	1.0001289844512939,
				"bytes":	874592,
				"bits_per_second":	6995833.6462357966,
				"packets":	604,
				"omitted":	false,
				"sender":	true
			}
		}, {
			"streams":	[{
					"socket":	5,
					"start":	1.000129,
					"end":	2.000077,
					"seconds":	0.999948024749756,
					"bytes":	876040,
					"bits_per_second":	7008684.2781192372,
					"packets":	605,
					"omitted":	false,
					"sender":	true
				}],
			"sum":	{
				"start":	1.000129,
				"end":	2.000077,
				"seconds":	0.999948024749756,
				"bytes":	876040,
				"bits_per_second":	7008684.2781192372,
				"packets":	605,
				"omitted":	false,
				"sender":	true
			}
		}, {
			"streams":	[{
					"socket":	5,
					"start":	2.000077,
					"end":	3.000081,
					"seconds":	1.0000040531158447,
					"bytes":	874592,
					"bits_per_second":	6996707.6415333971,
					"packets":	604,
					"omitted":	false,
					"sender":	true
				}],
			"sum":	{
				"start":	2.000077,
				"end":	3.000081,
				"seconds":	1.0000040531158447,
				"bytes":	874592,
				"bits_per_second":	6996707.6415333971,
				"packets":	604,
				"omitted":	false,
				"sender":	true
			}
		}, {
			"streams":	[{
					"socket":	5,
					"start":	3.000081,
					"end":	4.000083,
					"seconds":	1.0000020265579224,
					"bytes":	874592,
					"bits_per_second":	6996721.8207379635,
					"packets":	604,
					"omitted":	false,
					"sender":	true
				}],
			"sum":	{
				"start":	3.000081,
				"end":	4.000083,
				"seconds":	1.0000020265579224,
				"bytes":	874592,
				"bits_per_second":	6996721.8207379635,
				"packets":	604,
				"omitted":	false,
				"sender":	true
			}
		}, {
			"streams":	[{
					"socket":	5,
					"start":	4.000083,
					"end":	5.000143,
					"seconds":	1.000059962272644,
					"bytes":	874592,
					"bits_per_second":	6996316.4849634245,
					"packets":	604,
					"omitted":	false,
					"sender":	true
				}],
			"sum":	{
				"start":	4.000083,
				"end":	5.000143,
				"seconds":	1.000059962272644,
				"bytes":	874592,
				"bits_per_second":	6996316.4849634245,
				"packets":	604,
				"omitted":	false,
				"sender":	true
			}
		}, {
			"streams":	[{
					"socket":	5,
					"start":	5.000143,
					"end":	6.000086,
					"seconds":	0.99994301795959473,
					"bytes":	876040,
					"bits_per_second":	7008719.3711303947,
					"packets":	605,
					"omitted":	false,
					"sender":	true
				}],
			"sum":	{
				"start":	5.000143,
				"end":	6.000086,
				"seconds":	0.99994301795959473,
				"bytes":	876040,
				"bits_per_second":	7008719.3711303947,
				"packets":	605,
				"omitted":	false,
				"sender":	true
			}
		}, {
			"streams":	[{
					"socket":	5,
					"start":	6.000086,
					"end":	7.000083,
					"seconds":	0.99999701976776123,
					"bytes":	874592,
					"bits_per_second":	6996756.8519603368,
					"packets":	604,
					"omitted":	false,
					"sender":	true
				}],
			"sum":	{
				"start":	6.000086,
				"end":	7.000083,
				"seconds":	0.99999701976776123,
				"bytes":	874592,
				"bits_per_second":	6996756.8519603368,
				"packets":	604,
				"omitted":	false,
				"sender":	true
			}
		}, {
			"streams":	[{
					"socket":	5,
					"start":	7.000083,
					"end":	8.000094,
					"seconds":	1.0000109672546387,
					"bytes":	874592,
					"bits_per_second":	6996659.26585621,
					"packets":	604,
					"omitted":	false,
					"sender":	true
				}],
			"sum":	{
				"start":	7.000083,
				"end":	8.000094,
				"seconds":	1.0000109672546387,
				"bytes":	874592,
				"bits_per_second":	6996659.26585621,
				"packets":	604,
				"omitted":	false,
				"sender":	true
			}
		}, {
			"streams":	[{
					"socket":	5,
					"start":	8.000094,
					"end":	9.000087,
					"seconds":	0.99999302625656128,
					"bytes":	874592,
					"bits_per_second":	6996784.7937820479,
					"packets":	604,
					"omitted":	false,
					"sender":	true
				}],
			"sum":	{
				"start":	8.000094,
				"end":	9.000087,
				"seconds":	0.99999302625656128,
				"bytes":	874592,
				"bits_per_second":	6996784.7937820479,
				"packets":	604,
				"omitted":	false,
				"sender":	true
			}
		}, {
			"streams":	[{
					"socket":	5,
					"start":	9.000087,
					"end":	10.000106,
					"seconds":	1.0000189542770386,
					"bytes":	876040,
					"bits_per_second":	7008187.1648789383,
					"packets":	605,
					"omitted":	false,
					"sender":	true
				}],
			"sum":	{
				"start":	9.000087,
				"end":	10.000106,
				"seconds":	1.0000189542770386,
				"bytes":	876040,
				"bits_per_second":	7008187.1648789383,
				"packets":	605,
				"omitted":	false,
				"sender":	true
			}
		}, {
			"streams":	[{
					"socket":	5,
					"start":	10.000106,
					"end":	11.000084,
					"seconds":	0.999978005886078,
					"bytes":	874592,
					"bits_per_second":	6996889.89039335,
					"packets":	604,
					"omitted":	false,
					"sender":	true
				}],
			"sum":	{
				"start":	10.000106,
				"end":	11.000084,
				"seconds":	0.999978005886078,
				"bytes":	874592,
				"bits_per_second":	6996889.89039335,
				"packets":	604,
				"omitted":	false,
				"sender":	true
			}
		}, {
			"streams":	[{
					"socket":	5,
					"start":	11.000084,
					"end":	12.000083,
					"seconds":	0.99999898672103882,
					"bytes":	874592,
					"bits_per_second":	6996743.08965257,
					"packets":	604,
					"omitted":	false,
					"sender":	true
				}],
			"sum":	{
				"start":	11.000084,
				"end":	12.000083,
				"seconds":	0.99999898672103882,
				"bytes":	874592,
				"bits_per_second":	6996743.08965257,
				"packets":	604,
				"omitted":	false,
				"sender":	true
			}
		}, {
			"streams":	[{
					"socket":	5,
					"start":	12.000083,
					"end":	13.000086,
					"seconds":	1.0000029802322388,
					"bytes":	876040,
					"bits_per_second":	7008299.1136410423,
					"packets":	605,
					"omitted":	false,
					"sender":	true
				}],
			"sum":	{
				"start":	12.000083,
				"end":	13.000086,
				"seconds":	1.0000029802322388,
				"bytes":	876040,
				"bits_per_second":	7008299.1136410423,
				"packets":	605,
				"omitted":	false,
				"sender":	true
			}
		}, {
			"streams":	[{
					"socket":	5,
					"start":	13.000086,
					"end":	14.000129,
					"seconds":	1.0000430345535278,
					"bytes":	874592,
					"bits_per_second":	6996434.9115472948,
					"packets":	604,
					"omitted":	false,
					"sender":	true
				}],
			"sum":	{
				"start":	13.000086,
				"end":	14.000129,
				"seconds":	1.0000430345535278,
				"bytes":	874592,
				"bits_per_second":	6996434.9115472948,
				"packets":	604,
				"omitted":	false,